[2025-07-19T04:02:36.864Z] INFO: Configurando servicio de imágenes con ruta: C:/xampp/htdocs/tecnocel/almacen/img_productos
[2025-07-19T04:02:36.867Z] INFO: Directorio de imágenes configurado correctamente: C:/xampp/htdocs/tecnocel/almacen/img_productos
[2025-07-19T04:02:36.868Z] INFO: Configuración del servicio de imágenes validada correctamente
[2025-07-19T04:02:36.869Z] INFO: Servicio de imágenes inicializado exitosamente
[2025-07-19T04:02:36.916Z] INFO: Conexión a la base de datos establecida correctamente
[2025-07-19T04:02:36.958Z] INFO: Modelos sincronizados con la base de datos
[2025-07-19T04:02:36.964Z] INFO: Datos de ejemplo ya existen en la base de datos
[2025-07-19T04:02:36.967Z] INFO: Servidor corriendo en el puerto 3000
[2025-07-19T04:02:41.537Z] INFO: Configurando servicio de imágenes con ruta: C:/xampp/htdocs/tecnocel/almacen/img_productos
[2025-07-19T04:02:41.540Z] INFO: Directorio de imágenes configurado correctamente: C:/xampp/htdocs/tecnocel/almacen/img_productos
[2025-07-19T04:02:41.541Z] INFO: Configuración del servicio de imágenes validada correctamente
[2025-07-19T04:02:41.541Z] INFO: Servicio de imágenes inicializado exitosamente
[2025-07-19T04:02:41.576Z] INFO: Conexión a la base de datos establecida correctamente
[2025-07-19T04:02:41.611Z] INFO: Modelos sincronizados con la base de datos
[2025-07-19T04:02:41.616Z] INFO: Datos de ejemplo ya existen en la base de datos
[2025-07-19T04:02:41.618Z] INFO: Servidor corriendo en el puerto 3000
[2025-07-19T04:03:03.149Z] INFO: Se obtuvieron 6 productos destacados exitosamente
[2025-07-19T04:03:03.178Z] INFO: Se obtuvieron 6 productos destacados exitosamente
[2025-07-19T04:03:08.214Z] INFO: Intentando login de cliente
[2025-07-19T04:03:08.514Z] INFO: Login exitoso para: wili_2808@hotmail.com
[2025-07-19T04:03:08.589Z] INFO: Se obtuvieron 6 productos destacados exitosamente
[2025-07-19T04:03:08.595Z] INFO: Operación de carrito iniciada: obtener_carrito
[2025-07-19T04:03:08.632Z] ERROR: Error al obtener carrito:
[2025-07-19T04:03:08.634Z] INFO: Operación de carrito completada: obtener_carrito
[2025-07-19T04:03:08.644Z] INFO: Se obtuvieron 6 productos destacados exitosamente
[2025-07-19T04:03:23.094Z] INFO: Se obtuvieron 6 productos destacados exitosamente
[2025-07-19T04:03:23.109Z] INFO: Se obtuvieron 6 productos destacados exitosamente
[2025-07-19T04:04:07.086Z] INFO: Intentando registrar cliente
[2025-07-19T04:04:07.341Z] INFO: Cliente registrado exitosamente: pepe@hotmail.com
[2025-07-19T04:04:07.415Z] INFO: Operación de carrito iniciada: obtener_carrito
[2025-07-19T04:04:07.445Z] ERROR: Error al obtener carrito:
[2025-07-19T04:04:07.447Z] INFO: Operación de carrito completada: obtener_carrito
[2025-07-19T04:04:09.392Z] INFO: Se obtuvieron 6 productos destacados exitosamente
[2025-07-19T04:04:09.406Z] INFO: Se obtuvieron 6 productos destacados exitosamente
[2025-07-19T04:04:12.712Z] INFO: Operación de carrito iniciada: obtener_carrito
[2025-07-19T04:04:12.718Z] ERROR: Error al obtener carrito:
[2025-07-19T04:04:12.719Z] INFO: Operación de carrito completada: obtener_carrito
[2025-07-19T04:04:12.731Z] INFO: Operación de carrito iniciada: obtener_carrito
[2025-07-19T04:04:12.740Z] ERROR: Error al obtener carrito:
[2025-07-19T04:04:12.742Z] INFO: Operación de carrito completada: obtener_carrito
[2025-07-19T04:04:28.440Z] INFO: Se obtuvieron 278 productos del almacén exitosamente
[2025-07-19T04:04:28.454Z] INFO: Se obtuvieron 35 categorías exitosamente
[2025-07-19T04:04:28.549Z] INFO: Se obtuvieron 278 productos del almacén exitosamente
[2025-07-19T04:04:28.568Z] INFO: Se obtuvieron 35 categorías exitosamente
[2025-07-19T04:04:30.855Z] INFO: Operación de carrito iniciada: agregar_item
[2025-07-19T04:04:30.922Z] ERROR: Error al agregar item al carrito:
[2025-07-19T04:04:30.923Z] INFO: Operación de carrito completada: agregar_item
[2025-07-19T04:04:33.732Z] INFO: Operación de carrito iniciada: agregar_item
[2025-07-19T04:04:33.764Z] ERROR: Error al agregar item al carrito:
[2025-07-19T04:04:33.765Z] INFO: Operación de carrito completada: agregar_item
[2025-07-19T04:04:35.204Z] INFO: Operación de carrito iniciada: obtener_carrito
[2025-07-19T04:04:35.214Z] ERROR: Error al obtener carrito:
[2025-07-19T04:04:35.215Z] INFO: Operación de carrito completada: obtener_carrito
[2025-07-19T04:04:35.225Z] INFO: Operación de carrito iniciada: obtener_carrito
[2025-07-19T04:04:35.232Z] ERROR: Error al obtener carrito:
[2025-07-19T04:04:35.233Z] INFO: Operación de carrito completada: obtener_carrito
[2025-07-19T04:06:41.051Z] INFO: Configurando servicio de imágenes con ruta: C:/xampp/htdocs/tecnocel/almacen/img_productos
[2025-07-19T04:06:41.056Z] INFO: Directorio de imágenes configurado correctamente: C:/xampp/htdocs/tecnocel/almacen/img_productos
[2025-07-19T04:06:41.057Z] INFO: Configuración del servicio de imágenes validada correctamente
[2025-07-19T04:06:41.057Z] INFO: Servicio de imágenes inicializado exitosamente
[2025-07-19T04:06:41.127Z] INFO: Conexión a la base de datos establecida correctamente
[2025-07-19T04:06:41.218Z] INFO: Modelos sincronizados con la base de datos
[2025-07-19T04:06:41.228Z] INFO: Datos de ejemplo ya existen en la base de datos
[2025-07-19T04:06:41.232Z] INFO: Servidor corriendo en el puerto 3000
[2025-07-19T04:06:52.562Z] INFO: Configurando servicio de imágenes con ruta: C:/xampp/htdocs/tecnocel/almacen/img_productos
[2025-07-19T04:06:52.568Z] INFO: Directorio de imágenes configurado correctamente: C:/xampp/htdocs/tecnocel/almacen/img_productos
[2025-07-19T04:06:52.569Z] INFO: Configuración del servicio de imágenes validada correctamente
[2025-07-19T04:06:52.570Z] INFO: Servicio de imágenes inicializado exitosamente
[2025-07-19T04:06:52.621Z] INFO: Conexión a la base de datos establecida correctamente
[2025-07-19T04:06:52.669Z] INFO: Modelos sincronizados con la base de datos
[2025-07-19T04:06:52.675Z] INFO: Datos de ejemplo ya existen en la base de datos
[2025-07-19T04:06:52.679Z] INFO: Servidor corriendo en el puerto 3000
[2025-07-19T04:07:23.377Z] INFO: Configurando servicio de imágenes con ruta: C:/xampp/htdocs/tecnocel/almacen/img_productos
[2025-07-19T04:07:23.382Z] INFO: Directorio de imágenes configurado correctamente: C:/xampp/htdocs/tecnocel/almacen/img_productos
[2025-07-19T04:07:23.384Z] INFO: Configuración del servicio de imágenes validada correctamente
[2025-07-19T04:07:23.384Z] INFO: Servicio de imágenes inicializado exitosamente
[2025-07-19T04:07:23.431Z] INFO: Conexión a la base de datos establecida correctamente
[2025-07-19T04:07:23.470Z] INFO: Modelos sincronizados con la base de datos
[2025-07-19T04:07:23.476Z] INFO: Datos de ejemplo ya existen en la base de datos
[2025-07-19T04:07:23.479Z] INFO: Servidor corriendo en el puerto 3000
[2025-07-19T04:07:45.742Z] INFO: Configurando servicio de imágenes con ruta: C:/xampp/htdocs/tecnocel/almacen/img_productos
[2025-07-19T04:07:45.747Z] INFO: Directorio de imágenes configurado correctamente: C:/xampp/htdocs/tecnocel/almacen/img_productos
[2025-07-19T04:07:45.749Z] INFO: Configuración del servicio de imágenes validada correctamente
[2025-07-19T04:07:45.749Z] INFO: Servicio de imágenes inicializado exitosamente
[2025-07-19T04:07:45.803Z] INFO: Conexión a la base de datos establecida correctamente
[2025-07-19T04:07:45.836Z] INFO: Modelos sincronizados con la base de datos
[2025-07-19T04:07:45.841Z] INFO: Datos de ejemplo ya existen en la base de datos
[2025-07-19T04:07:45.844Z] INFO: Servidor corriendo en el puerto 3000
[2025-07-19T04:07:57.193Z] INFO: Configurando servicio de imágenes con ruta: C:/xampp/htdocs/tecnocel/almacen/img_productos
[2025-07-19T04:07:57.198Z] INFO: Directorio de imágenes configurado correctamente: C:/xampp/htdocs/tecnocel/almacen/img_productos
[2025-07-19T04:07:57.200Z] INFO: Configuración del servicio de imágenes validada correctamente
[2025-07-19T04:07:57.200Z] INFO: Servicio de imágenes inicializado exitosamente
[2025-07-19T04:07:57.255Z] INFO: Conexión a la base de datos establecida correctamente
[2025-07-19T04:07:57.343Z] INFO: Modelos sincronizados con la base de datos
[2025-07-19T04:07:57.350Z] INFO: Datos de ejemplo ya existen en la base de datos
[2025-07-19T04:07:57.353Z] INFO: Servidor corriendo en el puerto 3000
[2025-07-19T04:08:08.975Z] INFO: Directorio de imágenes configurado correctamente: C:/xampp/htdocs/tecnocel/almacen/img_productos
[2025-07-19T04:08:32.521Z] INFO: Configurando servicio de imágenes con ruta: C:/xampp/htdocs/tecnocel/almacen/img_productos
[2025-07-19T04:08:32.526Z] INFO: Directorio de imágenes configurado correctamente: C:/xampp/htdocs/tecnocel/almacen/img_productos
[2025-07-19T04:08:32.529Z] INFO: Configuración del servicio de imágenes validada correctamente
[2025-07-19T04:08:32.531Z] INFO: Servicio de imágenes inicializado exitosamente
[2025-07-19T04:08:32.623Z] INFO: Conexión a la base de datos establecida correctamente
[2025-07-19T04:08:32.747Z] INFO: Modelos sincronizados con la base de datos
[2025-07-19T04:08:32.753Z] INFO: Datos de ejemplo ya existen en la base de datos
[2025-07-19T04:08:38.716Z] INFO: Se obtuvieron 278 productos del almacén exitosamente
[2025-07-19T04:08:38.757Z] INFO: Se obtuvieron 35 categorías exitosamente
[2025-07-19T04:08:39.130Z] INFO: Se obtuvieron 278 productos del almacén exitosamente
[2025-07-19T04:08:39.184Z] INFO: Se obtuvieron 35 categorías exitosamente
[2025-07-19T04:08:43.619Z] INFO: Configurando servicio de imágenes con ruta: C:/xampp/htdocs/tecnocel/almacen/img_productos
[2025-07-19T04:08:43.757Z] INFO: Directorio de imágenes configurado correctamente: C:/xampp/htdocs/tecnocel/almacen/img_productos
[2025-07-19T04:08:43.762Z] INFO: Configuración del servicio de imágenes validada correctamente
[2025-07-19T04:08:43.764Z] INFO: Servicio de imágenes inicializado exitosamente
[2025-07-19T04:08:43.941Z] INFO: Conexión a la base de datos establecida correctamente
[2025-07-19T04:08:44.138Z] INFO: Modelos sincronizados con la base de datos
[2025-07-19T04:08:44.155Z] INFO: Datos de ejemplo ya existen en la base de datos
[2025-07-19T04:08:44.164Z] INFO: Servidor corriendo en el puerto 3000
[2025-07-19T04:08:44.450Z] INFO: Configurando servicio de imágenes con ruta: C:/xampp/htdocs/tecnocel/almacen/img_productos
[2025-07-19T04:08:44.459Z] INFO: Directorio de imágenes configurado correctamente: C:/xampp/htdocs/tecnocel/almacen/img_productos
[2025-07-19T04:08:44.460Z] INFO: Configuración del servicio de imágenes validada correctamente
[2025-07-19T04:08:44.461Z] INFO: Servicio de imágenes inicializado exitosamente
[2025-07-19T04:08:44.632Z] INFO: Conexión a la base de datos establecida correctamente
[2025-07-19T04:08:44.908Z] INFO: Modelos sincronizados con la base de datos
[2025-07-19T04:08:44.922Z] INFO: Datos de ejemplo ya existen en la base de datos
[2025-07-19T04:08:46.021Z] INFO: Operación de carrito iniciada: obtener_carrito
[2025-07-19T04:08:46.061Z] ERROR: Error al obtener carrito:
[2025-07-19T04:08:46.069Z] INFO: Operación de carrito completada: obtener_carrito
[2025-07-19T04:08:46.124Z] INFO: Operación de carrito iniciada: obtener_carrito
[2025-07-19T04:08:46.140Z] ERROR: Error al obtener carrito:
[2025-07-19T04:08:46.142Z] INFO: Operación de carrito completada: obtener_carrito
[2025-07-19T04:09:01.325Z] INFO: Configurando servicio de imágenes con ruta: C:/xampp/htdocs/tecnocel/almacen/img_productos
[2025-07-19T04:09:01.329Z] INFO: Directorio de imágenes configurado correctamente: C:/xampp/htdocs/tecnocel/almacen/img_productos
[2025-07-19T04:09:01.333Z] INFO: Configuración del servicio de imágenes validada correctamente
[2025-07-19T04:09:01.333Z] INFO: Servicio de imágenes inicializado exitosamente
[2025-07-19T04:09:01.413Z] INFO: Conexión a la base de datos establecida correctamente
[2025-07-19T04:09:01.530Z] INFO: Modelos sincronizados con la base de datos
[2025-07-19T04:09:01.539Z] INFO: Datos de ejemplo ya existen en la base de datos
[2025-07-19T04:09:08.736Z] INFO: Configurando servicio de imágenes con ruta: C:/xampp/htdocs/tecnocel/almacen/img_productos
[2025-07-19T04:09:08.740Z] INFO: Directorio de imágenes configurado correctamente: C:/xampp/htdocs/tecnocel/almacen/img_productos
[2025-07-19T04:09:08.742Z] INFO: Configuración del servicio de imágenes validada correctamente
[2025-07-19T04:09:08.742Z] INFO: Servicio de imágenes inicializado exitosamente
[2025-07-19T04:09:08.810Z] INFO: Conexión a la base de datos establecida correctamente
[2025-07-19T04:09:08.875Z] INFO: Modelos sincronizados con la base de datos
[2025-07-19T04:09:08.880Z] INFO: Datos de ejemplo ya existen en la base de datos
[2025-07-19T04:09:08.884Z] INFO: Servidor corriendo en el puerto 3000
[2025-07-19T04:09:09.227Z] INFO: Configurando servicio de imágenes con ruta: C:/xampp/htdocs/tecnocel/almacen/img_productos
[2025-07-19T04:09:09.232Z] INFO: Directorio de imágenes configurado correctamente: C:/xampp/htdocs/tecnocel/almacen/img_productos
[2025-07-19T04:09:09.235Z] INFO: Configuración del servicio de imágenes validada correctamente
[2025-07-19T04:09:09.237Z] INFO: Servicio de imágenes inicializado exitosamente
[2025-07-19T04:09:09.307Z] INFO: Conexión a la base de datos establecida correctamente
[2025-07-19T04:09:09.380Z] INFO: Modelos sincronizados con la base de datos
[2025-07-19T04:09:09.388Z] INFO: Datos de ejemplo ya existen en la base de datos
[2025-07-19T04:09:56.392Z] INFO: Configurando servicio de imágenes con ruta: C:/xampp/htdocs/tecnocel/almacen/img_productos
[2025-07-19T04:09:56.398Z] INFO: Directorio de imágenes configurado correctamente: C:/xampp/htdocs/tecnocel/almacen/img_productos
[2025-07-19T04:09:56.399Z] INFO: Configuración del servicio de imágenes validada correctamente
[2025-07-19T04:09:56.400Z] INFO: Servicio de imágenes inicializado exitosamente
[2025-07-19T04:09:56.503Z] INFO: Conexión a la base de datos establecida correctamente
[2025-07-19T04:09:56.605Z] INFO: Modelos sincronizados con la base de datos
[2025-07-19T04:09:56.613Z] INFO: Datos de ejemplo ya existen en la base de datos
[2025-07-19T04:09:56.617Z] INFO: Servidor corriendo en el puerto 3000
[2025-07-19T04:09:56.828Z] INFO: Configurando servicio de imágenes con ruta: C:/xampp/htdocs/tecnocel/almacen/img_productos
[2025-07-19T04:09:56.833Z] INFO: Directorio de imágenes configurado correctamente: C:/xampp/htdocs/tecnocel/almacen/img_productos
[2025-07-19T04:09:56.835Z] INFO: Configuración del servicio de imágenes validada correctamente
[2025-07-19T04:09:56.835Z] INFO: Servicio de imágenes inicializado exitosamente
[2025-07-19T04:09:56.891Z] INFO: Conexión a la base de datos establecida correctamente
[2025-07-19T04:09:56.930Z] INFO: Modelos sincronizados con la base de datos
[2025-07-19T04:09:56.935Z] INFO: Datos de ejemplo ya existen en la base de datos
[2025-07-19T04:09:57.348Z] INFO: Llamada a verifyToken iniciada
[2025-07-19T04:09:57.353Z] INFO: Token verificado exitosamente para: pepe@hotmail.com
[2025-07-19T04:09:57.390Z] INFO: Llamada a verifyToken iniciada
[2025-07-19T04:09:57.399Z] INFO: Token verificado exitosamente para: pepe@hotmail.com
[2025-07-19T04:09:57.518Z] INFO: Operación de carrito iniciada: obtener_carrito
[2025-07-19T04:09:57.537Z] INFO: Carrito obtenido exitosamente para cliente: 90
[2025-07-19T04:09:57.538Z] INFO: Operación de carrito completada: obtener_carrito
[2025-07-19T04:09:58.565Z] INFO: Configurando servicio de imágenes con ruta: C:/xampp/htdocs/tecnocel/almacen/img_productos
[2025-07-19T04:09:58.569Z] INFO: Directorio de imágenes configurado correctamente: C:/xampp/htdocs/tecnocel/almacen/img_productos
[2025-07-19T04:09:58.570Z] INFO: Configuración del servicio de imágenes validada correctamente
[2025-07-19T04:09:58.571Z] INFO: Servicio de imágenes inicializado exitosamente
[2025-07-19T04:09:58.613Z] INFO: Conexión a la base de datos establecida correctamente
[2025-07-19T04:09:58.649Z] INFO: Modelos sincronizados con la base de datos
[2025-07-19T04:09:58.655Z] INFO: Datos de ejemplo ya existen en la base de datos
[2025-07-19T04:09:58.658Z] INFO: Servidor corriendo en el puerto 3000
[2025-07-19T04:09:58.729Z] INFO: Configurando servicio de imágenes con ruta: C:/xampp/htdocs/tecnocel/almacen/img_productos
[2025-07-19T04:09:58.732Z] INFO: Directorio de imágenes configurado correctamente: C:/xampp/htdocs/tecnocel/almacen/img_productos
[2025-07-19T04:09:58.733Z] INFO: Configuración del servicio de imágenes validada correctamente
[2025-07-19T04:09:58.733Z] INFO: Servicio de imágenes inicializado exitosamente
[2025-07-19T04:09:58.780Z] INFO: Conexión a la base de datos establecida correctamente
[2025-07-19T04:09:58.822Z] INFO: Operación de carrito iniciada: obtener_carrito
[2025-07-19T04:09:58.843Z] INFO: Carrito obtenido exitosamente para cliente: 90
[2025-07-19T04:09:58.844Z] INFO: Operación de carrito completada: obtener_carrito
[2025-07-19T04:09:58.869Z] INFO: Operación de carrito iniciada: obtener_carrito
[2025-07-19T04:09:58.874Z] INFO: Carrito obtenido exitosamente para cliente: 90
[2025-07-19T04:09:58.874Z] INFO: Operación de carrito completada: obtener_carrito
[2025-07-19T04:09:58.877Z] INFO: Modelos sincronizados con la base de datos
[2025-07-19T04:09:58.884Z] INFO: Datos de ejemplo ya existen en la base de datos
[2025-07-19T04:11:01.627Z] INFO: Se obtuvieron 6 productos destacados exitosamente
[2025-07-19T04:11:01.648Z] INFO: Se obtuvieron 6 productos destacados exitosamente
[2025-07-19T04:11:05.737Z] INFO: Intentando login de cliente
[2025-07-19T04:11:06.058Z] INFO: Login exitoso para: wili_2808@hotmail.com
[2025-07-19T04:11:06.120Z] INFO: Se obtuvieron 6 productos destacados exitosamente
[2025-07-19T04:11:06.130Z] INFO: Operación de carrito iniciada: obtener_carrito
[2025-07-19T04:11:06.166Z] INFO: Carrito obtenido exitosamente para cliente: 89
[2025-07-19T04:11:06.170Z] INFO: Operación de carrito completada: obtener_carrito
[2025-07-19T04:11:06.184Z] INFO: Se obtuvieron 6 productos destacados exitosamente
[2025-07-19T04:11:09.217Z] INFO: Operación de carrito iniciada: obtener_carrito
[2025-07-19T04:11:09.231Z] INFO: Carrito obtenido exitosamente para cliente: 89
[2025-07-19T04:11:09.231Z] INFO: Operación de carrito completada: obtener_carrito
[2025-07-19T04:11:09.246Z] INFO: Operación de carrito iniciada: obtener_carrito
[2025-07-19T04:11:09.258Z] INFO: Carrito obtenido exitosamente para cliente: 89
[2025-07-19T04:11:09.259Z] INFO: Operación de carrito completada: obtener_carrito
[2025-07-19T04:11:15.567Z] INFO: Se obtuvieron 278 productos del almacén exitosamente
[2025-07-19T04:11:15.580Z] INFO: Se obtuvieron 35 categorías exitosamente
[2025-07-19T04:11:15.672Z] INFO: Se obtuvieron 278 productos del almacén exitosamente
[2025-07-19T04:11:15.710Z] INFO: Se obtuvieron 35 categorías exitosamente
[2025-07-19T04:11:18.355Z] INFO: Operación de carrito iniciada: agregar_item
[2025-07-19T04:11:18.428Z] INFO: Item agregado exitosamente al carrito - Cliente: 89, Item ID: 43
[2025-07-19T04:11:18.429Z] INFO: Operación de carrito completada: agregar_item
[2025-07-19T04:11:25.979Z] INFO: Se obtuvieron 6 productos destacados exitosamente
[2025-07-19T04:11:25.993Z] INFO: Se obtuvieron 6 productos destacados exitosamente
[2025-07-19T04:11:42.373Z] INFO: Intentando login de cliente
[2025-07-19T04:11:42.632Z] INFO: Login exitoso para: pepe@hotmail.com
[2025-07-19T04:11:42.690Z] INFO: Se obtuvieron 6 productos destacados exitosamente
[2025-07-19T04:11:42.721Z] INFO: Se obtuvieron 6 productos destacados exitosamente
[2025-07-19T04:11:42.733Z] INFO: Operación de carrito iniciada: obtener_carrito
[2025-07-19T04:11:42.756Z] INFO: Carrito obtenido exitosamente para cliente: 90
[2025-07-19T04:11:42.757Z] INFO: Operación de carrito completada: obtener_carrito
[2025-07-19T04:11:46.876Z] INFO: Operación de carrito iniciada: obtener_carrito
[2025-07-19T04:11:46.884Z] INFO: Carrito obtenido exitosamente para cliente: 90
[2025-07-19T04:11:46.884Z] INFO: Operación de carrito completada: obtener_carrito
[2025-07-19T04:11:46.898Z] INFO: Operación de carrito iniciada: obtener_carrito
[2025-07-19T04:11:46.908Z] INFO: Carrito obtenido exitosamente para cliente: 90
[2025-07-19T04:11:46.909Z] INFO: Operación de carrito completada: obtener_carrito
[2025-07-19T04:11:50.693Z] INFO: Se obtuvieron 6 productos destacados exitosamente
[2025-07-19T04:11:50.705Z] INFO: Se obtuvieron 6 productos destacados exitosamente
[2025-07-19T04:12:00.746Z] INFO: Se obtuvieron 278 productos del almacén exitosamente
[2025-07-19T04:12:00.766Z] INFO: Se obtuvieron 35 categorías exitosamente
[2025-07-19T04:12:00.896Z] INFO: Se obtuvieron 278 productos del almacén exitosamente
[2025-07-19T04:12:00.912Z] INFO: Se obtuvieron 35 categorías exitosamente
[2025-07-19T04:12:14.137Z] INFO: Se obtuvieron 278 productos del almacén exitosamente
[2025-07-19T04:12:14.145Z] INFO: Se obtuvieron 35 categorías exitosamente
[2025-07-19T04:12:14.211Z] INFO: Se obtuvieron 278 productos del almacén exitosamente
[2025-07-19T04:12:14.236Z] INFO: Se obtuvieron 35 categorías exitosamente
[2025-07-19T04:12:42.707Z] INFO: Llamada a verifyToken iniciada
[2025-07-19T04:12:42.714Z] INFO: Token verificado exitosamente para: pepe@hotmail.com
[2025-07-19T04:12:42.727Z] INFO: Llamada a verifyToken iniciada
[2025-07-19T04:12:42.730Z] INFO: Token verificado exitosamente para: pepe@hotmail.com
[2025-07-19T04:12:42.907Z] INFO: Operación de carrito iniciada: obtener_carrito
[2025-07-19T04:12:42.920Z] INFO: Carrito obtenido exitosamente para cliente: 90
[2025-07-19T04:12:42.921Z] INFO: Operación de carrito completada: obtener_carrito
[2025-07-19T04:12:43.416Z] INFO: Se obtuvieron 278 productos del almacén exitosamente
[2025-07-19T04:12:43.426Z] INFO: Se obtuvieron 35 categorías exitosamente
[2025-07-19T04:12:43.449Z] INFO: Se obtuvieron 35 categorías exitosamente
[2025-07-19T04:12:43.521Z] INFO: Se obtuvieron 278 productos del almacén exitosamente
[2025-07-20T20:30:19.549Z] INFO: Llamada a verifyToken iniciada
[2025-07-20T20:30:19.556Z] INFO: Token verificado exitosamente para: pepe@hotmail.com
[2025-07-20T20:30:19.573Z] INFO: Llamada a verifyToken iniciada
[2025-07-20T20:30:19.578Z] INFO: Token verificado exitosamente para: pepe@hotmail.com
[2025-07-20T20:30:19.634Z] INFO: Operación de carrito iniciada: obtener_carrito
[2025-07-20T20:30:19.654Z] INFO: Carrito obtenido exitosamente para cliente: 90
[2025-07-20T20:30:19.656Z] INFO: Operación de carrito completada: obtener_carrito
[2025-07-20T20:30:20.116Z] INFO: Se obtuvieron 278 productos del almacén exitosamente
[2025-07-20T20:30:20.129Z] INFO: Se obtuvieron 35 categorías exitosamente
[2025-07-20T20:30:20.523Z] INFO: Se obtuvieron 278 productos del almacén exitosamente
[2025-07-20T20:30:20.540Z] INFO: Se obtuvieron 35 categorías exitosamente
[2025-07-20T20:30:27.151Z] INFO: Se obtuvieron 6 productos destacados exitosamente
[2025-07-20T20:30:27.166Z] INFO: Se obtuvieron 6 productos destacados exitosamente
[2025-07-20T20:30:47.751Z] INFO: Operación de carrito iniciada: obtener_carrito
[2025-07-20T20:30:47.762Z] INFO: Carrito obtenido exitosamente para cliente: 90
[2025-07-20T20:30:47.763Z] INFO: Operación de carrito completada: obtener_carrito
[2025-07-20T20:30:47.774Z] INFO: Operación de carrito iniciada: obtener_carrito
[2025-07-20T20:30:47.783Z] INFO: Carrito obtenido exitosamente para cliente: 90
[2025-07-20T20:30:47.783Z] INFO: Operación de carrito completada: obtener_carrito
[2025-07-20T20:30:51.090Z] INFO: Operación de carrito iniciada: eliminar_item
[2025-07-20T20:30:51.148Z] INFO: Item eliminado exitosamente - Item: 42
[2025-07-20T20:30:51.149Z] INFO: Operación de carrito completada: eliminar_item
[2025-07-20T20:31:30.886Z] INFO: Se obtuvieron 278 productos del almacén exitosamente
[2025-07-20T20:31:30.901Z] INFO: Se obtuvieron 35 categorías exitosamente
[2025-07-20T20:31:30.994Z] INFO: Se obtuvieron 278 productos del almacén exitosamente
[2025-07-20T20:31:31.006Z] INFO: Se obtuvieron 35 categorías exitosamente
[2025-07-20T20:38:11.141Z] INFO: Se obtuvieron 278 productos del almacén exitosamente
[2025-07-20T20:38:11.152Z] INFO: Se obtuvieron 35 categorías exitosamente
[2025-07-20T20:38:11.205Z] INFO: Se obtuvieron 278 productos del almacén exitosamente
[2025-07-20T20:38:11.215Z] INFO: Se obtuvieron 35 categorías exitosamente
[2025-07-20T20:38:36.815Z] INFO: Se obtuvieron 6 productos destacados exitosamente
[2025-07-20T20:38:36.834Z] INFO: Se obtuvieron 6 productos destacados exitosamente
[2025-07-20T20:39:28.889Z] INFO: Se obtuvieron 278 productos del almacén exitosamente
[2025-07-20T20:39:28.909Z] INFO: Se obtuvieron 35 categorías exitosamente
[2025-07-20T20:39:28.987Z] INFO: Se obtuvieron 278 productos del almacén exitosamente
[2025-07-20T20:39:28.999Z] INFO: Se obtuvieron 35 categorías exitosamente
[2025-07-20T20:44:11.884Z] INFO: Llamada a verifyToken iniciada
[2025-07-20T20:44:11.890Z] INFO: Token verificado exitosamente para: pepe@hotmail.com
[2025-07-20T20:44:11.929Z] INFO: Llamada a verifyToken iniciada
[2025-07-20T20:44:11.935Z] INFO: Token verificado exitosamente para: pepe@hotmail.com
[2025-07-20T20:44:11.994Z] INFO: Operación de carrito iniciada: obtener_carrito
[2025-07-20T20:44:12.009Z] INFO: Carrito obtenido exitosamente para cliente: 90
[2025-07-20T20:44:12.010Z] INFO: Operación de carrito completada: obtener_carrito
[2025-07-20T20:44:12.620Z] INFO: Se obtuvieron 278 productos del almacén exitosamente
[2025-07-20T20:44:12.634Z] INFO: Se obtuvieron 35 categorías exitosamente
[2025-07-20T20:44:12.707Z] INFO: Se obtuvieron 278 productos del almacén exitosamente
[2025-07-20T20:44:12.720Z] INFO: Se obtuvieron 35 categorías exitosamente
[2025-07-20T22:06:00.929Z] INFO: Llamada a verifyToken iniciada
[2025-07-20T22:06:00.932Z] INFO: Token verificado exitosamente para: pepe@hotmail.com
[2025-07-20T22:06:00.949Z] INFO: Llamada a verifyToken iniciada
[2025-07-20T22:06:00.952Z] INFO: Token verificado exitosamente para: pepe@hotmail.com
[2025-07-20T22:06:01.179Z] INFO: Operación de carrito iniciada: obtener_carrito
[2025-07-20T22:06:01.239Z] INFO: Carrito obtenido exitosamente para cliente: 90
[2025-07-20T22:06:01.240Z] INFO: Operación de carrito completada: obtener_carrito
[2025-07-20T22:06:02.088Z] INFO: Se obtuvieron 278 productos del almacén exitosamente
[2025-07-20T22:06:02.109Z] INFO: Se obtuvieron 35 categorías exitosamente
[2025-07-20T22:06:02.176Z] INFO: Se obtuvieron 278 productos del almacén exitosamente
[2025-07-20T22:06:02.185Z] INFO: Se obtuvieron 35 categorías exitosamente
[2025-07-21T01:02:11.161Z] INFO: Llamada a verifyToken iniciada
[2025-07-21T01:02:11.162Z] INFO: Token verificado exitosamente para: pepe@hotmail.com
[2025-07-21T01:02:11.168Z] INFO: Llamada a verifyToken iniciada
[2025-07-21T01:02:11.169Z] INFO: Token verificado exitosamente para: pepe@hotmail.com
[2025-07-21T01:02:11.212Z] INFO: Operación de carrito iniciada: obtener_carrito
[2025-07-21T01:02:11.224Z] INFO: Carrito obtenido exitosamente para cliente: 90
[2025-07-21T01:02:11.224Z] INFO: Operación de carrito completada: obtener_carrito
[2025-07-21T01:02:11.472Z] INFO: Se obtuvieron 278 productos del almacén exitosamente
[2025-07-21T01:02:11.479Z] INFO: Se obtuvieron 35 categorías exitosamente
[2025-07-21T01:02:11.516Z] INFO: Se obtuvieron 278 productos del almacén exitosamente
[2025-07-21T01:02:11.520Z] INFO: Se obtuvieron 35 categorías exitosamente
[2025-07-21T01:02:14.918Z] INFO: Se obtuvieron 6 productos destacados exitosamente
[2025-07-21T01:02:14.924Z] INFO: Se obtuvieron 6 productos destacados exitosamente
[2025-07-21T01:02:23.402Z] INFO: Se obtuvieron 278 productos del almacén exitosamente
[2025-07-21T01:02:23.410Z] INFO: Se obtuvieron 35 categorías exitosamente
[2025-07-21T01:02:23.461Z] INFO: Se obtuvieron 278 productos del almacén exitosamente
[2025-07-21T01:02:23.474Z] INFO: Se obtuvieron 35 categorías exitosamente
[2025-07-21T01:08:27.349Z] INFO: Se obtuvieron 6 productos destacados exitosamente
[2025-07-21T01:08:27.362Z] INFO: Se obtuvieron 6 productos destacados exitosamente
[2025-07-21T01:08:41.607Z] INFO: Se obtuvieron 278 productos del almacén exitosamente
[2025-07-21T01:08:41.612Z] INFO: Se obtuvieron 35 categorías exitosamente
[2025-07-21T01:08:41.637Z] INFO: Se obtuvieron 278 productos del almacén exitosamente
[2025-07-21T01:08:41.644Z] INFO: Se obtuvieron 35 categorías exitosamente
[2025-07-21T01:19:12.977Z] INFO: Operación de carrito iniciada: agregar_item
[2025-07-21T01:19:12.988Z] INFO: Operación de carrito completada: agregar_item
[2025-07-21T01:19:14.873Z] INFO: Operación de carrito iniciada: agregar_item
[2025-07-21T01:19:14.903Z] INFO: Item agregado exitosamente al carrito - Cliente: 90, Item ID: 44
[2025-07-21T01:19:14.904Z] INFO: Operación de carrito completada: agregar_item
[2025-07-21T01:19:16.756Z] INFO: Operación de carrito iniciada: agregar_item
[2025-07-21T01:19:16.791Z] INFO: Item agregado exitosamente al carrito - Cliente: 90, Item ID: 45
[2025-07-21T01:19:16.791Z] INFO: Operación de carrito completada: agregar_item
[2025-07-21T01:19:18.390Z] INFO: Operación de carrito iniciada: obtener_carrito
[2025-07-21T01:19:18.396Z] INFO: Carrito obtenido exitosamente para cliente: 90
[2025-07-21T01:19:18.396Z] INFO: Operación de carrito completada: obtener_carrito
[2025-07-21T01:19:18.403Z] INFO: Operación de carrito iniciada: obtener_carrito
[2025-07-21T01:19:18.409Z] INFO: Carrito obtenido exitosamente para cliente: 90
[2025-07-21T01:19:18.410Z] INFO: Operación de carrito completada: obtener_carrito
[2025-07-21T01:19:20.634Z] INFO: Operación de carrito iniciada: actualizar_cantidad
[2025-07-21T01:19:20.644Z] INFO: Operación de carrito completada: actualizar_cantidad
[2025-07-21T01:19:21.846Z] INFO: Operación de carrito iniciada: obtener_carrito
[2025-07-21T01:19:21.851Z] INFO: Carrito obtenido exitosamente para cliente: 90
[2025-07-21T01:19:21.851Z] INFO: Operación de carrito completada: obtener_carrito
[2025-07-21T01:19:23.290Z] INFO: Operación de carrito iniciada: eliminar_item
[2025-07-21T01:19:23.304Z] INFO: Item eliminado exitosamente - Item: 44
[2025-07-21T01:19:23.305Z] INFO: Operación de carrito completada: eliminar_item
[2025-07-21T01:19:24.501Z] INFO: Operación de carrito iniciada: eliminar_item
[2025-07-21T01:19:24.518Z] INFO: Item eliminado exitosamente - Item: 41
[2025-07-21T01:19:24.518Z] INFO: Operación de carrito completada: eliminar_item
[2025-07-21T01:19:25.847Z] INFO: Operación de carrito iniciada: eliminar_item
[2025-07-21T01:19:25.858Z] INFO: Item eliminado exitosamente - Item: 45
[2025-07-21T01:19:25.858Z] INFO: Operación de carrito completada: eliminar_item
[2025-07-21T01:19:27.062Z] INFO: Se obtuvieron 6 productos destacados exitosamente
[2025-07-21T01:19:27.070Z] INFO: Se obtuvieron 6 productos destacados exitosamente
[2025-07-21T01:19:48.712Z] INFO: Llamada a verifyToken iniciada
[2025-07-21T01:19:48.715Z] INFO: Token verificado exitosamente para: pepe@hotmail.com
[2025-07-21T01:19:48.724Z] INFO: Llamada a verifyToken iniciada
[2025-07-21T01:19:48.726Z] INFO: Token verificado exitosamente para: pepe@hotmail.com
[2025-07-21T01:19:48.807Z] WARN: Rate limit excedido para operaciones de carrito
[2025-07-21T01:19:49.297Z] INFO: Se obtuvieron 6 productos destacados exitosamente
[2025-07-21T01:19:49.305Z] INFO: Se obtuvieron 6 productos destacados exitosamente
[2025-07-21T21:09:09.522Z] INFO: Llamada a verifyToken iniciada
[2025-07-21T21:09:09.537Z] INFO: Token verificado exitosamente para: pepe@hotmail.com
[2025-07-21T21:09:09.575Z] INFO: Llamada a verifyToken iniciada
[2025-07-21T21:09:09.578Z] INFO: Token verificado exitosamente para: pepe@hotmail.com
[2025-07-21T21:09:09.599Z] INFO: Operación de carrito iniciada: obtener_carrito
[2025-07-21T21:09:09.604Z] INFO: Carrito obtenido exitosamente para cliente: 90
[2025-07-21T21:09:09.605Z] INFO: Operación de carrito completada: obtener_carrito
[2025-07-21T21:09:09.857Z] INFO: Se obtuvieron 6 productos destacados exitosamente
[2025-07-21T21:09:09.865Z] INFO: Se obtuvieron 6 productos destacados exitosamente
[2025-07-21T22:18:41.498Z] INFO: Llamada a verifyToken iniciada
[2025-07-21T22:18:41.502Z] INFO: Token verificado exitosamente para: pepe@hotmail.com
[2025-07-21T22:18:41.522Z] INFO: Llamada a verifyToken iniciada
[2025-07-21T22:18:41.566Z] INFO: Token verificado exitosamente para: pepe@hotmail.com
[2025-07-21T22:18:41.601Z] INFO: Operación de carrito iniciada: obtener_carrito
[2025-07-21T22:18:41.716Z] INFO: Carrito obtenido exitosamente para cliente: 90
[2025-07-21T22:18:41.733Z] INFO: Operación de carrito completada: obtener_carrito
[2025-07-21T22:18:42.126Z] INFO: Se obtuvieron 6 productos destacados exitosamente
[2025-07-21T22:18:42.244Z] INFO: Se obtuvieron 6 productos destacados exitosamente
[2025-07-21T22:19:05.058Z] INFO: Se obtuvieron 278 productos del almacén exitosamente
[2025-07-21T22:19:05.068Z] INFO: Se obtuvieron 35 categorías exitosamente
[2025-07-21T22:19:05.138Z] INFO: Se obtuvieron 278 productos del almacén exitosamente
[2025-07-21T22:19:05.148Z] INFO: Se obtuvieron 35 categorías exitosamente
[2025-07-21T22:19:07.149Z] INFO: Se obtuvieron 6 productos destacados exitosamente
[2025-07-21T22:19:07.166Z] INFO: Se obtuvieron 6 productos destacados exitosamente
[2025-07-21T22:19:15.923Z] INFO: Se obtuvieron 278 productos del almacén exitosamente
[2025-07-21T22:19:16.073Z] INFO: Se obtuvieron 278 productos del almacén exitosamente
[2025-07-21T22:19:16.087Z] INFO: Se obtuvieron 35 categorías exitosamente
[2025-07-21T22:19:16.225Z] INFO: Se obtuvieron 35 categorías exitosamente
[2025-07-21T22:22:43.038Z] INFO: Se obtuvieron 6 productos destacados exitosamente
[2025-07-21T22:22:43.048Z] INFO: Se obtuvieron 6 productos destacados exitosamente
[2025-07-21T22:22:48.128Z] INFO: Se obtuvieron 6 productos destacados exitosamente
[2025-07-21T22:22:48.139Z] INFO: Se obtuvieron 6 productos destacados exitosamente
[2025-07-21T22:22:59.153Z] INFO: Se obtuvieron 35 categorías exitosamente
[2025-07-21T22:22:59.195Z] INFO: Se obtuvieron 278 productos del almacén exitosamente
[2025-07-21T22:22:59.211Z] INFO: Se obtuvieron 35 categorías exitosamente
[2025-07-21T22:22:59.242Z] INFO: Se obtuvieron 278 productos del almacén exitosamente
[2025-07-21T22:23:10.100Z] INFO: Intentando login de cliente
[2025-07-21T22:23:10.257Z] INFO: Login exitoso para: wili_2808@hotmail.com
[2025-07-21T22:23:10.378Z] INFO: Se obtuvieron 6 productos destacados exitosamente
[2025-07-21T22:23:10.402Z] INFO: Operación de carrito iniciada: obtener_carrito
[2025-07-21T22:23:10.425Z] INFO: Carrito obtenido exitosamente para cliente: 89
[2025-07-21T22:23:10.425Z] INFO: Operación de carrito completada: obtener_carrito
[2025-07-21T22:23:10.460Z] INFO: Se obtuvieron 6 productos destacados exitosamente
[2025-07-21T22:23:24.013Z] INFO: Se obtuvieron 278 productos del almacén exitosamente
[2025-07-21T22:23:24.019Z] INFO: Se obtuvieron 35 categorías exitosamente
[2025-07-21T22:23:24.054Z] INFO: Se obtuvieron 278 productos del almacén exitosamente
[2025-07-21T22:23:24.090Z] INFO: Se obtuvieron 35 categorías exitosamente
[2025-07-21T22:23:31.204Z] INFO: Operación de carrito iniciada: agregar_item
[2025-07-21T22:23:31.241Z] INFO: Item agregado exitosamente al carrito - Cliente: 89, Item ID: 46
[2025-07-21T22:23:31.242Z] INFO: Operación de carrito completada: agregar_item
[2025-07-21T22:23:33.238Z] INFO: Operación de carrito iniciada: obtener_carrito
[2025-07-21T22:23:33.248Z] INFO: Carrito obtenido exitosamente para cliente: 89
[2025-07-21T22:23:33.248Z] INFO: Operación de carrito completada: obtener_carrito
[2025-07-21T22:23:33.357Z] INFO: Operación de carrito iniciada: obtener_carrito
[2025-07-21T22:23:33.369Z] INFO: Carrito obtenido exitosamente para cliente: 89
[2025-07-21T22:23:33.370Z] INFO: Operación de carrito completada: obtener_carrito
[2025-07-21T22:23:58.356Z] INFO: Se obtuvieron 35 categorías exitosamente
[2025-07-21T22:23:58.393Z] INFO: Se obtuvieron 278 productos del almacén exitosamente
[2025-07-21T22:23:58.407Z] INFO: Se obtuvieron 35 categorías exitosamente
[2025-07-21T22:23:58.455Z] INFO: Se obtuvieron 278 productos del almacén exitosamente
[2025-07-21T22:24:05.572Z] INFO: Se obtuvieron 6 productos destacados exitosamente
[2025-07-21T22:24:05.583Z] INFO: Se obtuvieron 6 productos destacados exitosamente
[2025-07-21T22:24:11.842Z] INFO: Operación de carrito iniciada: obtener_carrito
[2025-07-21T22:24:11.849Z] INFO: Carrito obtenido exitosamente para cliente: 89
[2025-07-21T22:24:11.850Z] INFO: Operación de carrito completada: obtener_carrito
[2025-07-21T22:24:11.859Z] INFO: Operación de carrito iniciada: obtener_carrito
[2025-07-21T22:24:11.865Z] INFO: Carrito obtenido exitosamente para cliente: 89
[2025-07-21T22:24:11.866Z] INFO: Operación de carrito completada: obtener_carrito
[2025-07-21T22:24:15.065Z] INFO: Operación de carrito iniciada: eliminar_item
[2025-07-21T22:24:15.095Z] INFO: Item eliminado exitosamente - Item: 46
[2025-07-21T22:24:15.097Z] INFO: Operación de carrito completada: eliminar_item
[2025-07-21T22:24:16.206Z] INFO: Operación de carrito iniciada: eliminar_item
[2025-07-21T22:24:16.236Z] INFO: Item eliminado exitosamente - Item: 43
[2025-07-21T22:24:16.237Z] INFO: Operación de carrito completada: eliminar_item
[2025-07-21T22:24:17.318Z] INFO: Operación de carrito iniciada: eliminar_item
[2025-07-21T22:24:17.340Z] INFO: Item eliminado exitosamente - Item: 40
[2025-07-21T22:24:17.340Z] INFO: Operación de carrito completada: eliminar_item
[2025-07-21T22:24:18.955Z] INFO: Operación de carrito iniciada: eliminar_item
[2025-07-21T22:24:18.979Z] INFO: Item eliminado exitosamente - Item: 39
[2025-07-21T22:24:18.980Z] INFO: Operación de carrito completada: eliminar_item
[2025-07-21T22:24:20.510Z] INFO: Se obtuvieron 6 productos destacados exitosamente
[2025-07-21T22:24:20.525Z] INFO: Se obtuvieron 6 productos destacados exitosamente
[2025-07-21T22:24:26.536Z] INFO: Operación de carrito iniciada: obtener_carrito
[2025-07-21T22:24:26.553Z] INFO: Carrito obtenido exitosamente para cliente: 89
[2025-07-21T22:24:26.554Z] INFO: Operación de carrito completada: obtener_carrito
[2025-07-21T22:24:26.567Z] INFO: Operación de carrito iniciada: obtener_carrito
[2025-07-21T22:24:26.575Z] INFO: Carrito obtenido exitosamente para cliente: 89
[2025-07-21T22:24:26.575Z] INFO: Operación de carrito completada: obtener_carrito
[2025-07-21T22:30:10.253Z] INFO: Se obtuvieron 35 categorías exitosamente
[2025-07-21T22:30:10.292Z] INFO: Se obtuvieron 278 productos del almacén exitosamente
[2025-07-21T22:30:10.308Z] INFO: Se obtuvieron 35 categorías exitosamente
[2025-07-21T22:30:10.339Z] INFO: Se obtuvieron 278 productos del almacén exitosamente
[2025-07-21T22:35:19.892Z] INFO: Se obtuvieron 35 categorías exitosamente
[2025-07-21T22:35:19.928Z] INFO: Se obtuvieron 278 productos del almacén exitosamente
[2025-07-21T22:37:35.888Z] INFO: Se obtuvieron 35 categorías exitosamente
[2025-07-21T22:37:35.912Z] INFO: Se obtuvieron 278 productos del almacén exitosamente
[2025-07-21T22:37:35.916Z] INFO: Llamada a verifyToken iniciada
[2025-07-21T22:37:35.920Z] INFO: Token verificado exitosamente para: wili_2808@hotmail.com
[2025-07-21T22:37:35.922Z] INFO: Se obtuvieron 35 categorías exitosamente
[2025-07-21T22:37:35.946Z] INFO: Se obtuvieron 278 productos del almacén exitosamente
[2025-07-21T22:37:35.953Z] INFO: Llamada a verifyToken iniciada
[2025-07-21T22:37:35.955Z] INFO: Token verificado exitosamente para: wili_2808@hotmail.com
[2025-07-21T22:37:36.013Z] INFO: Operación de carrito iniciada: obtener_carrito
[2025-07-21T22:37:36.019Z] INFO: Carrito obtenido exitosamente para cliente: 89
[2025-07-21T22:37:36.020Z] INFO: Operación de carrito completada: obtener_carrito
[2025-07-21T22:38:05.871Z] INFO: Se obtuvieron 35 categorías exitosamente
[2025-07-21T22:38:05.895Z] INFO: Se obtuvieron 278 productos del almacén exitosamente
[2025-07-21T22:38:21.577Z] INFO: Se obtuvieron 6 productos destacados exitosamente
[2025-07-21T22:38:21.587Z] INFO: Se obtuvieron 6 productos destacados exitosamente
[2025-07-21T22:38:23.314Z] INFO: Se obtuvieron 278 productos del almacén exitosamente
[2025-07-21T22:38:23.321Z] INFO: Se obtuvieron 35 categorías exitosamente
[2025-07-21T22:38:23.362Z] INFO: Se obtuvieron 278 productos del almacén exitosamente
[2025-07-21T22:38:23.366Z] INFO: Se obtuvieron 35 categorías exitosamente
[2025-07-21T22:38:50.020Z] INFO: Se obtuvieron 6 productos destacados exitosamente
[2025-07-21T22:38:50.035Z] INFO: Se obtuvieron 6 productos destacados exitosamente
[2025-07-21T22:38:53.651Z] INFO: Se obtuvieron 278 productos del almacén exitosamente
[2025-07-21T22:38:53.663Z] INFO: Se obtuvieron 35 categorías exitosamente
[2025-07-21T22:38:53.716Z] INFO: Se obtuvieron 278 productos del almacén exitosamente
[2025-07-21T22:38:53.719Z] INFO: Se obtuvieron 35 categorías exitosamente
[2025-07-21T22:39:08.104Z] INFO: Se obtuvieron 6 productos destacados exitosamente
[2025-07-21T22:39:08.114Z] INFO: Se obtuvieron 6 productos destacados exitosamente
[2025-07-21T22:39:22.949Z] INFO: Se obtuvieron 278 productos del almacén exitosamente
[2025-07-21T22:39:22.954Z] INFO: Se obtuvieron 35 categorías exitosamente
[2025-07-21T22:39:23.010Z] INFO: Se obtuvieron 278 productos del almacén exitosamente
[2025-07-21T22:39:23.016Z] INFO: Se obtuvieron 35 categorías exitosamente
[2025-07-21T22:39:33.226Z] INFO: Se obtuvieron 6 productos destacados exitosamente
[2025-07-21T22:39:33.240Z] INFO: Se obtuvieron 6 productos destacados exitosamente
[2025-07-21T22:39:37.088Z] INFO: Se obtuvieron 278 productos del almacén exitosamente
[2025-07-21T22:39:37.113Z] INFO: Se obtuvieron 35 categorías exitosamente
[2025-07-21T22:39:37.153Z] INFO: Se obtuvieron 278 productos del almacén exitosamente
[2025-07-21T22:39:37.168Z] INFO: Se obtuvieron 35 categorías exitosamente
[2025-07-21T22:51:57.459Z] INFO: Se obtuvieron 6 productos destacados exitosamente
[2025-07-21T22:51:57.474Z] INFO: Se obtuvieron 6 productos destacados exitosamente
[2025-07-21T22:52:00.572Z] INFO: Se obtuvieron 278 productos del almacén exitosamente
[2025-07-21T22:52:00.647Z] INFO: Se obtuvieron 278 productos del almacén exitosamente
[2025-07-21T22:52:00.659Z] INFO: Se obtuvieron 35 categorías exitosamente
[2025-07-21T22:52:00.668Z] INFO: Se obtuvieron 35 categorías exitosamente
[2025-07-21T22:54:06.991Z] INFO: Se obtuvieron 6 productos destacados exitosamente
[2025-07-21T22:54:07.003Z] INFO: Se obtuvieron 6 productos destacados exitosamente
[2025-07-21T22:54:36.277Z] INFO: Se obtuvieron 278 productos del almacén exitosamente
[2025-07-21T22:54:36.299Z] INFO: Se obtuvieron 35 categorías exitosamente
[2025-07-21T22:54:36.397Z] INFO: Se obtuvieron 278 productos del almacén exitosamente
[2025-07-21T22:54:36.403Z] INFO: Se obtuvieron 35 categorías exitosamente
[2025-07-21T22:56:06.174Z] INFO: Se obtuvieron 6 productos destacados exitosamente
[2025-07-21T22:56:06.190Z] INFO: Se obtuvieron 6 productos destacados exitosamente
[2025-07-21T22:58:11.607Z] INFO: Llamada a verifyToken iniciada
[2025-07-21T22:58:11.612Z] INFO: Token verificado exitosamente para: wili_2808@hotmail.com
[2025-07-21T22:58:11.624Z] INFO: Llamada a verifyToken iniciada
[2025-07-21T22:58:11.631Z] INFO: Token verificado exitosamente para: wili_2808@hotmail.com
[2025-07-21T22:58:11.691Z] INFO: Operación de carrito iniciada: obtener_carrito
[2025-07-21T22:58:11.706Z] INFO: Carrito obtenido exitosamente para cliente: 89
[2025-07-21T22:58:11.707Z] INFO: Operación de carrito completada: obtener_carrito
[2025-07-21T22:58:41.535Z] INFO: Se obtuvieron 6 productos destacados exitosamente
[2025-07-21T22:58:41.726Z] INFO: Se obtuvieron 6 productos destacados exitosamente
[2025-07-21T22:59:36.562Z] INFO: Se obtuvieron 278 productos del almacén exitosamente
[2025-07-21T22:59:36.570Z] INFO: Se obtuvieron 35 categorías exitosamente
[2025-07-21T22:59:36.735Z] INFO: Se obtuvieron 278 productos del almacén exitosamente
[2025-07-21T22:59:36.740Z] INFO: Se obtuvieron 35 categorías exitosamente
[2025-07-21T23:01:29.986Z] INFO: Se obtuvieron 278 productos del almacén exitosamente
[2025-07-21T23:01:29.989Z] INFO: Se obtuvieron 35 categorías exitosamente
[2025-07-21T23:03:47.671Z] INFO: Llamada a verifyToken iniciada
[2025-07-21T23:03:47.679Z] INFO: Token verificado exitosamente para: wili_2808@hotmail.com
[2025-07-21T23:03:47.835Z] INFO: Llamada a verifyToken iniciada
[2025-07-21T23:03:47.838Z] INFO: Token verificado exitosamente para: wili_2808@hotmail.com
[2025-07-21T23:03:47.873Z] INFO: Operación de carrito iniciada: obtener_carrito
[2025-07-21T23:03:47.879Z] INFO: Carrito obtenido exitosamente para cliente: 89
[2025-07-21T23:03:47.880Z] INFO: Operación de carrito completada: obtener_carrito
[2025-07-21T23:03:49.347Z] INFO: Se obtuvieron 278 productos del almacén exitosamente
[2025-07-21T23:03:49.351Z] INFO: Se obtuvieron 35 categorías exitosamente
[2025-07-21T23:03:49.517Z] INFO: Se obtuvieron 35 categorías exitosamente
[2025-07-21T23:03:49.537Z] INFO: Se obtuvieron 278 productos del almacén exitosamente
[2025-07-21T23:11:43.923Z] INFO: Llamada a verifyToken iniciada
[2025-07-21T23:11:43.924Z] INFO: Token verificado exitosamente para: wili_2808@hotmail.com
[2025-07-21T23:11:44.241Z] INFO: Llamada a verifyToken iniciada
[2025-07-21T23:11:44.251Z] INFO: Token verificado exitosamente para: wili_2808@hotmail.com
[2025-07-21T23:11:44.331Z] INFO: Operación de carrito iniciada: obtener_carrito
[2025-07-21T23:11:44.337Z] INFO: Carrito obtenido exitosamente para cliente: 89
[2025-07-21T23:11:44.337Z] INFO: Operación de carrito completada: obtener_carrito
[2025-07-21T23:11:45.509Z] INFO: Se obtuvieron 35 categorías exitosamente
[2025-07-21T23:11:45.540Z] INFO: Se obtuvieron 278 productos del almacén exitosamente
[2025-07-21T23:11:45.723Z] INFO: Se obtuvieron 278 productos del almacén exitosamente
[2025-07-21T23:11:45.730Z] INFO: Se obtuvieron 35 categorías exitosamente
[2025-07-21T23:15:35.407Z] INFO: Llamada a verifyToken iniciada
[2025-07-21T23:15:35.411Z] INFO: Token verificado exitosamente para: wili_2808@hotmail.com
[2025-07-21T23:15:35.569Z] INFO: Llamada a verifyToken iniciada
[2025-07-21T23:15:35.573Z] INFO: Token verificado exitosamente para: wili_2808@hotmail.com
[2025-07-21T23:15:35.592Z] INFO: Operación de carrito iniciada: obtener_carrito
[2025-07-21T23:15:35.599Z] INFO: Carrito obtenido exitosamente para cliente: 89
[2025-07-21T23:15:35.599Z] INFO: Operación de carrito completada: obtener_carrito
[2025-07-21T23:15:37.020Z] INFO: Se obtuvieron 278 productos del almacén exitosamente
[2025-07-21T23:15:37.026Z] INFO: Se obtuvieron 35 categorías exitosamente
[2025-07-21T23:15:37.222Z] INFO: Se obtuvieron 278 productos del almacén exitosamente
[2025-07-21T23:15:37.226Z] INFO: Se obtuvieron 35 categorías exitosamente
[2025-07-21T23:23:42.445Z] INFO: Llamada a verifyToken iniciada
[2025-07-21T23:23:42.454Z] INFO: Token verificado exitosamente para: wili_2808@hotmail.com
[2025-07-21T23:23:42.607Z] INFO: Llamada a verifyToken iniciada
[2025-07-21T23:23:42.610Z] INFO: Token verificado exitosamente para: wili_2808@hotmail.com
[2025-07-21T23:23:43.184Z] INFO: Operación de carrito iniciada: obtener_carrito
[2025-07-21T23:23:43.189Z] INFO: Carrito obtenido exitosamente para cliente: 89
[2025-07-21T23:23:43.189Z] INFO: Operación de carrito completada: obtener_carrito
[2025-07-21T23:23:44.421Z] INFO: Se obtuvieron 278 productos del almacén exitosamente
[2025-07-21T23:23:44.426Z] INFO: Se obtuvieron 35 categorías exitosamente
[2025-07-21T23:23:44.616Z] INFO: Se obtuvieron 278 productos del almacén exitosamente
[2025-07-21T23:23:44.620Z] INFO: Se obtuvieron 35 categorías exitosamente
[2025-07-21T23:24:27.422Z] INFO: Llamada a verifyToken iniciada
[2025-07-21T23:24:27.425Z] INFO: Token verificado exitosamente para: wili_2808@hotmail.com
[2025-07-21T23:24:27.433Z] INFO: Llamada a verifyToken iniciada
[2025-07-21T23:24:27.436Z] INFO: Token verificado exitosamente para: wili_2808@hotmail.com
[2025-07-21T23:24:27.473Z] INFO: Operación de carrito iniciada: obtener_carrito
[2025-07-21T23:24:27.478Z] INFO: Carrito obtenido exitosamente para cliente: 89
[2025-07-21T23:24:27.478Z] INFO: Operación de carrito completada: obtener_carrito
[2025-07-21T23:24:27.715Z] INFO: Se obtuvieron 278 productos del almacén exitosamente
[2025-07-21T23:24:27.721Z] INFO: Se obtuvieron 35 categorías exitosamente
[2025-07-21T23:24:27.773Z] INFO: Se obtuvieron 278 productos del almacén exitosamente
[2025-07-21T23:24:27.779Z] INFO: Se obtuvieron 35 categorías exitosamente
[2025-07-21T23:33:58.690Z] INFO: Se obtuvieron 6 productos destacados exitosamente
[2025-07-21T23:33:58.696Z] INFO: Se obtuvieron 6 productos destacados exitosamente
[2025-07-21T23:34:00.442Z] INFO: Se obtuvieron 278 productos del almacén exitosamente
[2025-07-21T23:34:00.445Z] INFO: Se obtuvieron 35 categorías exitosamente
[2025-07-21T23:34:00.482Z] INFO: Se obtuvieron 278 productos del almacén exitosamente
[2025-07-21T23:34:00.489Z] INFO: Se obtuvieron 35 categorías exitosamente
[2025-07-21T23:35:52.581Z] INFO: Se obtuvieron 6 productos destacados exitosamente
[2025-07-21T23:35:52.587Z] INFO: Se obtuvieron 6 productos destacados exitosamente
[2025-07-21T23:35:53.949Z] INFO: Se obtuvieron 278 productos del almacén exitosamente
[2025-07-21T23:35:53.985Z] INFO: Se obtuvieron 278 productos del almacén exitosamente
[2025-07-21T23:35:54.000Z] INFO: Se obtuvieron 35 categorías exitosamente
[2025-07-21T23:35:54.013Z] INFO: Se obtuvieron 35 categorías exitosamente
[2025-07-21T23:35:56.525Z] INFO: Se obtuvieron 6 productos destacados exitosamente
[2025-07-21T23:35:56.534Z] INFO: Se obtuvieron 6 productos destacados exitosamente
[2025-07-21T23:35:57.598Z] INFO: Se obtuvieron 278 productos del almacén exitosamente
[2025-07-21T23:35:57.609Z] INFO: Se obtuvieron 35 categorías exitosamente
[2025-07-21T23:35:57.627Z] INFO: Se obtuvieron 278 productos del almacén exitosamente
[2025-07-21T23:35:57.637Z] INFO: Se obtuvieron 35 categorías exitosamente
[2025-07-21T23:36:35.590Z] INFO: Se obtuvieron 6 productos destacados exitosamente
[2025-07-21T23:36:35.598Z] INFO: Se obtuvieron 6 productos destacados exitosamente
[2025-07-21T23:36:41.760Z] INFO: Operación de carrito iniciada: obtener_carrito
[2025-07-21T23:36:41.764Z] INFO: Carrito obtenido exitosamente para cliente: 89
[2025-07-21T23:36:41.764Z] INFO: Operación de carrito completada: obtener_carrito
[2025-07-21T23:36:41.770Z] INFO: Operación de carrito iniciada: obtener_carrito
[2025-07-21T23:36:41.774Z] INFO: Carrito obtenido exitosamente para cliente: 89
[2025-07-21T23:36:41.774Z] INFO: Operación de carrito completada: obtener_carrito
[2025-07-21T23:36:44.102Z] INFO: Se obtuvieron 278 productos del almacén exitosamente
[2025-07-21T23:36:44.125Z] INFO: Se obtuvieron 278 productos del almacén exitosamente
[2025-07-21T23:36:44.130Z] INFO: Se obtuvieron 35 categorías exitosamente
[2025-07-21T23:36:44.135Z] INFO: Se obtuvieron 35 categorías exitosamente
[2025-07-21T23:36:45.505Z] INFO: Operación de carrito iniciada: obtener_carrito
[2025-07-21T23:36:45.508Z] INFO: Carrito obtenido exitosamente para cliente: 89
[2025-07-21T23:36:45.508Z] INFO: Operación de carrito completada: obtener_carrito
[2025-07-21T23:36:45.515Z] INFO: Operación de carrito iniciada: obtener_carrito
[2025-07-21T23:36:45.518Z] INFO: Carrito obtenido exitosamente para cliente: 89
[2025-07-21T23:36:45.518Z] INFO: Operación de carrito completada: obtener_carrito
[2025-07-21T23:36:49.777Z] INFO: Se obtuvieron 6 productos destacados exitosamente
[2025-07-21T23:36:49.788Z] INFO: Se obtuvieron 6 productos destacados exitosamente
[2025-07-21T23:36:58.065Z] INFO: Operación de carrito iniciada: obtener_carrito
[2025-07-21T23:36:58.070Z] INFO: Carrito obtenido exitosamente para cliente: 89
[2025-07-21T23:36:58.071Z] INFO: Operación de carrito completada: obtener_carrito
[2025-07-21T23:36:58.077Z] INFO: Operación de carrito iniciada: obtener_carrito
[2025-07-21T23:36:58.083Z] INFO: Carrito obtenido exitosamente para cliente: 89
[2025-07-21T23:36:58.083Z] INFO: Operación de carrito completada: obtener_carrito
[2025-07-21T23:37:01.757Z] INFO: Se obtuvieron 6 productos destacados exitosamente
[2025-07-21T23:37:01.773Z] INFO: Se obtuvieron 6 productos destacados exitosamente
[2025-07-21T23:44:08.394Z] INFO: Operación de carrito iniciada: obtener_carrito
[2025-07-21T23:44:08.408Z] INFO: Carrito obtenido exitosamente para cliente: 89
[2025-07-21T23:44:08.408Z] INFO: Operación de carrito completada: obtener_carrito
[2025-07-21T23:44:08.554Z] INFO: Operación de carrito iniciada: obtener_carrito
[2025-07-21T23:44:08.563Z] INFO: Carrito obtenido exitosamente para cliente: 89
[2025-07-21T23:44:08.563Z] INFO: Operación de carrito completada: obtener_carrito
[2025-07-21T23:44:13.875Z] INFO: Se obtuvieron 6 productos destacados exitosamente
[2025-07-21T23:44:14.065Z] INFO: Se obtuvieron 6 productos destacados exitosamente
[2025-07-21T23:44:16.222Z] INFO: Operación de carrito iniciada: obtener_carrito
[2025-07-21T23:44:16.233Z] INFO: Carrito obtenido exitosamente para cliente: 89
[2025-07-21T23:44:16.234Z] INFO: Operación de carrito completada: obtener_carrito
[2025-07-21T23:44:16.408Z] INFO: Operación de carrito iniciada: obtener_carrito
[2025-07-21T23:44:16.419Z] INFO: Carrito obtenido exitosamente para cliente: 89
[2025-07-21T23:44:16.419Z] INFO: Operación de carrito completada: obtener_carrito
[2025-07-21T23:44:22.721Z] INFO: Se obtuvieron 278 productos del almacén exitosamente
[2025-07-21T23:44:22.727Z] INFO: Se obtuvieron 35 categorías exitosamente
[2025-07-21T23:44:22.901Z] INFO: Se obtuvieron 278 productos del almacén exitosamente
[2025-07-21T23:44:22.910Z] INFO: Se obtuvieron 35 categorías exitosamente
[2025-07-21T23:44:36.593Z] INFO: Se obtuvieron 278 productos del almacén exitosamente
[2025-07-21T23:44:36.607Z] INFO: Se obtuvieron 35 categorías exitosamente
[2025-07-21T23:44:36.774Z] INFO: Se obtuvieron 278 productos del almacén exitosamente
[2025-07-21T23:44:36.788Z] INFO: Se obtuvieron 35 categorías exitosamente
[2025-07-21T23:46:44.087Z] INFO: Se obtuvieron 6 productos destacados exitosamente
[2025-07-21T23:46:44.207Z] INFO: Se obtuvieron 6 productos destacados exitosamente
[2025-07-21T23:46:46.696Z] INFO: Se obtuvieron 278 productos del almacén exitosamente
[2025-07-21T23:46:46.703Z] INFO: Se obtuvieron 35 categorías exitosamente
[2025-07-21T23:46:46.856Z] INFO: Se obtuvieron 35 categorías exitosamente
[2025-07-21T23:46:46.892Z] INFO: Se obtuvieron 278 productos del almacén exitosamente
[2025-07-21T23:46:48.482Z] INFO: Se obtuvieron 6 productos destacados exitosamente
[2025-07-21T23:46:48.668Z] INFO: Se obtuvieron 6 productos destacados exitosamente
[2025-07-21T23:46:51.630Z] INFO: Se obtuvieron 6 productos destacados exitosamente
[2025-07-21T23:46:51.827Z] INFO: Se obtuvieron 6 productos destacados exitosamente
[2025-07-21T23:47:02.565Z] INFO: Se obtuvieron 278 productos del almacén exitosamente
[2025-07-21T23:47:02.571Z] INFO: Se obtuvieron 35 categorías exitosamente
[2025-07-21T23:47:02.757Z] INFO: Se obtuvieron 278 productos del almacén exitosamente
[2025-07-21T23:47:02.761Z] INFO: Se obtuvieron 35 categorías exitosamente
[2025-07-21T23:47:13.539Z] INFO: Operación de carrito iniciada: obtener_carrito
[2025-07-21T23:47:13.544Z] INFO: Carrito obtenido exitosamente para cliente: 89
[2025-07-21T23:47:13.544Z] INFO: Operación de carrito completada: obtener_carrito
[2025-07-21T23:47:13.725Z] INFO: Operación de carrito iniciada: obtener_carrito
[2025-07-21T23:47:13.728Z] INFO: Carrito obtenido exitosamente para cliente: 89
[2025-07-21T23:47:13.728Z] INFO: Operación de carrito completada: obtener_carrito
[2025-07-21T23:47:15.607Z] INFO: Se obtuvieron 278 productos del almacén exitosamente
[2025-07-21T23:47:15.616Z] INFO: Se obtuvieron 35 categorías exitosamente
[2025-07-21T23:47:15.790Z] INFO: Se obtuvieron 278 productos del almacén exitosamente
[2025-07-21T23:47:15.797Z] INFO: Se obtuvieron 35 categorías exitosamente
[2025-07-21T23:47:18.592Z] INFO: Operación de carrito iniciada: agregar_item
[2025-07-21T23:47:18.626Z] INFO: Item agregado exitosamente al carrito - Cliente: 89, Item ID: 47
[2025-07-21T23:47:18.627Z] INFO: Operación de carrito completada: agregar_item
[2025-07-21T23:47:20.179Z] INFO: Operación de carrito iniciada: obtener_carrito
[2025-07-21T23:47:20.185Z] INFO: Carrito obtenido exitosamente para cliente: 89
[2025-07-21T23:47:20.186Z] INFO: Operación de carrito completada: obtener_carrito
[2025-07-21T23:47:20.358Z] INFO: Operación de carrito iniciada: obtener_carrito
[2025-07-21T23:47:20.361Z] INFO: Carrito obtenido exitosamente para cliente: 89
[2025-07-21T23:47:20.361Z] INFO: Operación de carrito completada: obtener_carrito
[2025-07-21T23:47:27.464Z] INFO: Se obtuvieron 278 productos del almacén exitosamente
[2025-07-21T23:47:27.474Z] INFO: Se obtuvieron 35 categorías exitosamente
[2025-07-21T23:47:27.665Z] INFO: Se obtuvieron 278 productos del almacén exitosamente
[2025-07-21T23:47:27.675Z] INFO: Se obtuvieron 35 categorías exitosamente
[2025-07-21T23:47:32.639Z] INFO: Se obtuvieron 6 productos destacados exitosamente
[2025-07-21T23:47:32.824Z] INFO: Se obtuvieron 6 productos destacados exitosamente
[2025-07-21T23:47:34.913Z] INFO: Operación de carrito iniciada: obtener_carrito
[2025-07-21T23:47:34.923Z] INFO: Carrito obtenido exitosamente para cliente: 89
[2025-07-21T23:47:34.923Z] INFO: Operación de carrito completada: obtener_carrito
[2025-07-21T23:47:35.101Z] INFO: Operación de carrito iniciada: obtener_carrito
[2025-07-21T23:47:35.106Z] INFO: Carrito obtenido exitosamente para cliente: 89
[2025-07-21T23:47:35.106Z] INFO: Operación de carrito completada: obtener_carrito
[2025-07-21T23:47:50.111Z] INFO: Se obtuvieron 6 productos destacados exitosamente
[2025-07-21T23:47:50.293Z] INFO: Se obtuvieron 6 productos destacados exitosamente
[2025-07-21T23:47:55.434Z] INFO: Se obtuvieron 278 productos del almacén exitosamente
[2025-07-21T23:47:55.459Z] INFO: Se obtuvieron 35 categorías exitosamente
[2025-07-21T23:47:55.603Z] INFO: Se obtuvieron 278 productos del almacén exitosamente
[2025-07-21T23:47:55.679Z] INFO: Se obtuvieron 35 categorías exitosamente
[2025-07-21T23:47:57.198Z] INFO: Se obtuvieron 6 productos destacados exitosamente
[2025-07-21T23:47:57.404Z] INFO: Se obtuvieron 6 productos destacados exitosamente
[2025-07-21T23:47:58.102Z] INFO: Se obtuvieron 278 productos del almacén exitosamente
[2025-07-21T23:47:58.111Z] INFO: Se obtuvieron 35 categorías exitosamente
[2025-07-21T23:47:58.293Z] INFO: Se obtuvieron 278 productos del almacén exitosamente
[2025-07-21T23:47:58.302Z] INFO: Se obtuvieron 35 categorías exitosamente
[2025-07-21T23:48:15.810Z] INFO: Se obtuvieron 6 productos destacados exitosamente
[2025-07-21T23:48:15.998Z] INFO: Se obtuvieron 6 productos destacados exitosamente
[2025-07-21T23:48:17.774Z] INFO: Operación de carrito iniciada: obtener_carrito
[2025-07-21T23:48:17.781Z] INFO: Carrito obtenido exitosamente para cliente: 89
[2025-07-21T23:48:17.781Z] INFO: Operación de carrito completada: obtener_carrito
[2025-07-21T23:48:17.944Z] INFO: Operación de carrito iniciada: obtener_carrito
[2025-07-21T23:48:17.952Z] INFO: Carrito obtenido exitosamente para cliente: 89
[2025-07-21T23:48:17.954Z] INFO: Operación de carrito completada: obtener_carrito
[2025-07-21T23:48:52.321Z] INFO: Se obtuvieron 6 productos destacados exitosamente
[2025-07-21T23:48:52.512Z] INFO: Se obtuvieron 6 productos destacados exitosamente
[2025-07-21T23:49:05.062Z] INFO: Se obtuvieron 35 categorías exitosamente
[2025-07-21T23:49:05.112Z] INFO: Se obtuvieron 278 productos del almacén exitosamente
[2025-07-21T23:49:05.250Z] INFO: Se obtuvieron 35 categorías exitosamente
[2025-07-21T23:49:05.273Z] INFO: Se obtuvieron 278 productos del almacén exitosamente
[2025-07-21T23:49:45.266Z] INFO: Se obtuvieron 6 productos destacados exitosamente
[2025-07-21T23:49:45.509Z] INFO: Se obtuvieron 6 productos destacados exitosamente
[2025-07-21T23:49:50.656Z] INFO: Operación de carrito iniciada: obtener_carrito
[2025-07-21T23:49:50.660Z] INFO: Carrito obtenido exitosamente para cliente: 89
[2025-07-21T23:49:50.660Z] INFO: Operación de carrito completada: obtener_carrito
[2025-07-21T23:49:50.829Z] INFO: Operación de carrito iniciada: obtener_carrito
[2025-07-21T23:49:50.845Z] INFO: Carrito obtenido exitosamente para cliente: 89
[2025-07-21T23:49:50.845Z] INFO: Operación de carrito completada: obtener_carrito
[2025-07-21T23:50:05.850Z] INFO: Se obtuvieron 6 productos destacados exitosamente
[2025-07-21T23:50:06.031Z] INFO: Se obtuvieron 6 productos destacados exitosamente
[2025-07-21T23:50:28.612Z] INFO: Operación de carrito iniciada: obtener_carrito
[2025-07-21T23:50:28.617Z] INFO: Carrito obtenido exitosamente para cliente: 89
[2025-07-21T23:50:28.618Z] INFO: Operación de carrito completada: obtener_carrito
[2025-07-21T23:50:28.781Z] INFO: Operación de carrito iniciada: obtener_carrito
[2025-07-21T23:50:28.794Z] INFO: Carrito obtenido exitosamente para cliente: 89
[2025-07-21T23:50:28.794Z] INFO: Operación de carrito completada: obtener_carrito
[2025-07-21T23:52:14.832Z] INFO: Se obtuvieron 6 productos destacados exitosamente
[2025-07-21T23:52:15.016Z] INFO: Se obtuvieron 6 productos destacados exitosamente
[2025-07-21T23:53:13.330Z] INFO: Llamada a verifyToken iniciada
[2025-07-21T23:53:13.331Z] INFO: Token verificado exitosamente para: wili_2808@hotmail.com
[2025-07-21T23:53:13.339Z] INFO: Llamada a verifyToken iniciada
[2025-07-21T23:53:13.341Z] INFO: Token verificado exitosamente para: wili_2808@hotmail.com
[2025-07-21T23:53:13.402Z] INFO: Operación de carrito iniciada: obtener_carrito
[2025-07-21T23:53:13.409Z] INFO: Carrito obtenido exitosamente para cliente: 89
[2025-07-21T23:53:13.409Z] INFO: Operación de carrito completada: obtener_carrito
[2025-07-21T23:53:13.561Z] INFO: Se obtuvieron 6 productos destacados exitosamente
[2025-07-21T23:53:13.572Z] INFO: Se obtuvieron 6 productos destacados exitosamente
[2025-07-21T23:54:45.554Z] INFO: Llamada a verifyToken iniciada
[2025-07-21T23:54:45.556Z] INFO: Token verificado exitosamente para: wili_2808@hotmail.com
[2025-07-21T23:54:45.575Z] INFO: Llamada a verifyToken iniciada
[2025-07-21T23:54:45.603Z] INFO: Token verificado exitosamente para: wili_2808@hotmail.com
[2025-07-21T23:54:45.613Z] INFO: Operación de carrito iniciada: obtener_carrito
[2025-07-21T23:54:45.619Z] INFO: Carrito obtenido exitosamente para cliente: 89
[2025-07-21T23:54:45.620Z] INFO: Operación de carrito completada: obtener_carrito
[2025-07-21T23:54:45.685Z] INFO: Se obtuvieron 6 productos destacados exitosamente
[2025-07-21T23:54:45.691Z] INFO: Se obtuvieron 6 productos destacados exitosamente
[2025-07-21T23:55:00.431Z] INFO: Se obtuvieron 278 productos del almacén exitosamente
[2025-07-21T23:55:00.436Z] INFO: Se obtuvieron 35 categorías exitosamente
[2025-07-21T23:55:00.467Z] INFO: Se obtuvieron 278 productos del almacén exitosamente
[2025-07-21T23:55:00.474Z] INFO: Se obtuvieron 35 categorías exitosamente
[2025-07-21T23:55:05.359Z] INFO: Se obtuvieron 278 productos del almacén exitosamente
[2025-07-21T23:55:05.364Z] INFO: Se obtuvieron 35 categorías exitosamente
[2025-07-21T23:55:05.386Z] INFO: Se obtuvieron 278 productos del almacén exitosamente
[2025-07-21T23:55:05.392Z] INFO: Se obtuvieron 35 categorías exitosamente
[2025-07-21T23:55:06.392Z] INFO: Se obtuvieron 6 productos destacados exitosamente
[2025-07-21T23:55:06.398Z] INFO: Se obtuvieron 6 productos destacados exitosamente
[2025-07-21T23:55:14.830Z] INFO: Se obtuvieron 6 productos destacados exitosamente
[2025-07-21T23:55:14.837Z] INFO: Se obtuvieron 6 productos destacados exitosamente
[2025-07-22T00:05:54.158Z] INFO: Llamada a verifyToken iniciada
[2025-07-22T00:05:54.161Z] INFO: Token verificado exitosamente para: wili_2808@hotmail.com
[2025-07-22T00:05:54.371Z] INFO: Llamada a verifyToken iniciada
[2025-07-22T00:05:54.395Z] INFO: Token verificado exitosamente para: wili_2808@hotmail.com
[2025-07-22T00:05:54.484Z] INFO: Operación de carrito iniciada: obtener_carrito
[2025-07-22T00:05:54.496Z] INFO: Carrito obtenido exitosamente para cliente: 89
[2025-07-22T00:05:54.497Z] INFO: Operación de carrito completada: obtener_carrito
[2025-07-22T00:05:54.615Z] INFO: Llamada a verifyToken iniciada
[2025-07-22T00:05:54.621Z] INFO: Token verificado exitosamente para: wili_2808@hotmail.com
[2025-07-22T00:05:54.637Z] INFO: Llamada a verifyToken iniciada
[2025-07-22T00:05:54.639Z] INFO: Token verificado exitosamente para: wili_2808@hotmail.com
[2025-07-22T00:05:54.992Z] INFO: Operación de carrito iniciada: obtener_carrito
[2025-07-22T00:05:55.019Z] INFO: Carrito obtenido exitosamente para cliente: 89
[2025-07-22T00:05:55.022Z] INFO: Operación de carrito completada: obtener_carrito
[2025-07-22T00:05:55.550Z] INFO: Se obtuvieron 6 productos destacados exitosamente
[2025-07-22T00:05:55.590Z] INFO: Se obtuvieron 6 productos destacados exitosamente
[2025-07-22T00:05:56.165Z] INFO: Se obtuvieron 6 productos destacados exitosamente
[2025-07-22T00:05:56.358Z] INFO: Se obtuvieron 6 productos destacados exitosamente
[2025-07-22T00:06:02.277Z] INFO: Se obtuvieron 278 productos del almacén exitosamente
[2025-07-22T00:06:02.283Z] INFO: Se obtuvieron 35 categorías exitosamente
[2025-07-22T00:06:02.321Z] INFO: Se obtuvieron 278 productos del almacén exitosamente
[2025-07-22T00:06:02.331Z] INFO: Se obtuvieron 35 categorías exitosamente
[2025-07-22T00:06:31.623Z] INFO: Llamada a verifyToken iniciada
[2025-07-22T00:06:31.624Z] INFO: Token verificado exitosamente para: wili_2808@hotmail.com
[2025-07-22T00:06:31.629Z] INFO: Llamada a verifyToken iniciada
[2025-07-22T00:06:31.632Z] INFO: Token verificado exitosamente para: wili_2808@hotmail.com
[2025-07-22T00:06:31.669Z] INFO: Operación de carrito iniciada: obtener_carrito
[2025-07-22T00:06:31.675Z] INFO: Carrito obtenido exitosamente para cliente: 89
[2025-07-22T00:06:31.675Z] INFO: Operación de carrito completada: obtener_carrito
[2025-07-22T00:06:34.356Z] INFO: Operación de carrito iniciada: obtener_carrito
[2025-07-22T00:06:34.358Z] INFO: Carrito obtenido exitosamente para cliente: 89
[2025-07-22T00:06:34.358Z] INFO: Operación de carrito completada: obtener_carrito
[2025-07-22T00:06:34.363Z] INFO: Operación de carrito iniciada: obtener_carrito
[2025-07-22T00:06:34.366Z] INFO: Carrito obtenido exitosamente para cliente: 89
[2025-07-22T00:06:34.366Z] INFO: Operación de carrito completada: obtener_carrito
[2025-07-22T00:06:45.171Z] INFO: Operación de carrito iniciada: actualizar_cantidad
[2025-07-22T00:06:45.175Z] INFO: Operación de carrito completada: actualizar_cantidad
[2025-07-22T00:06:47.333Z] INFO: Operación de carrito iniciada: obtener_carrito
[2025-07-22T00:06:47.337Z] INFO: Carrito obtenido exitosamente para cliente: 89
[2025-07-22T00:06:47.337Z] INFO: Operación de carrito completada: obtener_carrito
[2025-07-22T00:06:55.362Z] INFO: Se obtuvieron 6 productos destacados exitosamente
[2025-07-22T00:06:55.367Z] INFO: Se obtuvieron 6 productos destacados exitosamente
[2025-07-22T00:07:20.981Z] INFO: Configurando servicio de imágenes con ruta: C:/xampp/htdocs/tecnocel/almacen/img_productos
[2025-07-22T00:07:20.984Z] INFO: Directorio de imágenes configurado correctamente: C:/xampp/htdocs/tecnocel/almacen/img_productos
[2025-07-22T00:07:20.986Z] INFO: Configuración del servicio de imágenes validada correctamente
[2025-07-22T00:07:20.986Z] INFO: Servicio de imágenes inicializado exitosamente
[2025-07-22T00:07:21.039Z] INFO: Conexión a la base de datos establecida correctamente
[2025-07-22T00:07:21.086Z] INFO: Modelos sincronizados con la base de datos
[2025-07-22T00:07:21.090Z] INFO: Datos de ejemplo ya existen en la base de datos
[2025-07-22T00:07:21.092Z] INFO: Servidor corriendo en el puerto 3000
[2025-07-22T00:43:37.053Z] INFO: Configurando servicio de imágenes con ruta: C:/xampp/htdocs/tecnocel/almacen/img_productos
[2025-07-22T00:43:37.056Z] INFO: Directorio de imágenes configurado correctamente: C:/xampp/htdocs/tecnocel/almacen/img_productos
[2025-07-22T00:43:37.056Z] INFO: Configuración del servicio de imágenes validada correctamente
[2025-07-22T00:43:37.057Z] INFO: Servicio de imágenes inicializado exitosamente
[2025-07-22T00:43:37.101Z] INFO: Conexión a la base de datos establecida correctamente
[2025-07-22T00:43:37.213Z] INFO: Modelos sincronizados con la base de datos
[2025-07-22T00:43:37.217Z] INFO: Datos de ejemplo ya existen en la base de datos
[2025-07-22T00:43:40.360Z] INFO: Configurando servicio de imágenes con ruta: C:/xampp/htdocs/tecnocel/almacen/img_productos
[2025-07-22T00:43:40.363Z] INFO: Directorio de imágenes configurado correctamente: C:/xampp/htdocs/tecnocel/almacen/img_productos
[2025-07-22T00:43:40.363Z] INFO: Configuración del servicio de imágenes validada correctamente
[2025-07-22T00:43:40.364Z] INFO: Servicio de imágenes inicializado exitosamente
[2025-07-22T00:43:40.394Z] INFO: Conexión a la base de datos establecida correctamente
[2025-07-22T00:43:40.432Z] INFO: Modelos sincronizados con la base de datos
[2025-07-22T00:43:40.435Z] INFO: Datos de ejemplo ya existen en la base de datos
[2025-07-22T00:43:53.501Z] INFO: Configurando servicio de imágenes con ruta: C:/xampp/htdocs/tecnocel/almacen/img_productos
[2025-07-22T00:43:53.503Z] INFO: Directorio de imágenes configurado correctamente: C:/xampp/htdocs/tecnocel/almacen/img_productos
[2025-07-22T00:43:53.504Z] INFO: Configuración del servicio de imágenes validada correctamente
[2025-07-22T00:43:53.505Z] INFO: Servicio de imágenes inicializado exitosamente
[2025-07-22T00:43:53.536Z] INFO: Conexión a la base de datos establecida correctamente
[2025-07-22T00:43:53.568Z] INFO: Modelos sincronizados con la base de datos
[2025-07-22T00:43:53.572Z] INFO: Datos de ejemplo ya existen en la base de datos
[2025-07-22T00:43:56.628Z] INFO: Configurando servicio de imágenes con ruta: C:/xampp/htdocs/tecnocel/almacen/img_productos
[2025-07-22T00:43:56.630Z] INFO: Directorio de imágenes configurado correctamente: C:/xampp/htdocs/tecnocel/almacen/img_productos
[2025-07-22T00:43:56.631Z] INFO: Configuración del servicio de imágenes validada correctamente
[2025-07-22T00:43:56.631Z] INFO: Servicio de imágenes inicializado exitosamente
[2025-07-22T00:43:56.657Z] INFO: Conexión a la base de datos establecida correctamente
[2025-07-22T00:43:56.686Z] INFO: Modelos sincronizados con la base de datos
[2025-07-22T00:43:56.689Z] INFO: Datos de ejemplo ya existen en la base de datos
[2025-07-22T00:45:06.558Z] INFO: Configurando servicio de imágenes con ruta: C:/xampp/htdocs/tecnocel/almacen/img_productos
[2025-07-22T00:45:06.560Z] INFO: Directorio de imágenes configurado correctamente: C:/xampp/htdocs/tecnocel/almacen/img_productos
[2025-07-22T00:45:06.561Z] INFO: Configuración del servicio de imágenes validada correctamente
[2025-07-22T00:45:06.561Z] INFO: Servicio de imágenes inicializado exitosamente
[2025-07-22T00:45:06.592Z] INFO: Conexión a la base de datos establecida correctamente
[2025-07-22T00:45:06.627Z] INFO: Modelos sincronizados con la base de datos
[2025-07-22T00:45:06.632Z] INFO: Datos de ejemplo ya existen en la base de datos
[2025-07-22T00:45:56.782Z] INFO: Configurando servicio de imágenes con ruta: C:/xampp/htdocs/tecnocel/almacen/img_productos
[2025-07-22T00:45:56.784Z] INFO: Directorio de imágenes configurado correctamente: C:/xampp/htdocs/tecnocel/almacen/img_productos
[2025-07-22T00:45:56.785Z] INFO: Configuración del servicio de imágenes validada correctamente
[2025-07-22T00:45:56.785Z] INFO: Servicio de imágenes inicializado exitosamente
[2025-07-22T00:45:56.816Z] INFO: Conexión a la base de datos establecida correctamente
[2025-07-22T00:45:56.846Z] INFO: Modelos sincronizados con la base de datos
[2025-07-22T00:45:56.850Z] INFO: Datos de ejemplo ya existen en la base de datos
[2025-07-22T00:45:59.975Z] INFO: Configurando servicio de imágenes con ruta: C:/xampp/htdocs/tecnocel/almacen/img_productos
[2025-07-22T00:45:59.981Z] INFO: Directorio de imágenes configurado correctamente: C:/xampp/htdocs/tecnocel/almacen/img_productos
[2025-07-22T00:45:59.983Z] INFO: Configuración del servicio de imágenes validada correctamente
[2025-07-22T00:45:59.983Z] INFO: Servicio de imágenes inicializado exitosamente
[2025-07-22T00:46:00.029Z] INFO: Conexión a la base de datos establecida correctamente
[2025-07-22T00:46:00.069Z] INFO: Modelos sincronizados con la base de datos
[2025-07-22T00:46:00.073Z] INFO: Datos de ejemplo ya existen en la base de datos
[2025-07-22T00:46:35.836Z] INFO: Llamada a verifyToken iniciada
[2025-07-22T00:47:00.042Z] INFO: Configurando servicio de imágenes con ruta: C:/xampp/htdocs/tecnocel/almacen/img_productos
[2025-07-22T00:47:00.044Z] INFO: Directorio de imágenes configurado correctamente: C:/xampp/htdocs/tecnocel/almacen/img_productos
[2025-07-22T00:47:00.044Z] INFO: Configuración del servicio de imágenes validada correctamente
[2025-07-22T00:47:00.044Z] INFO: Servicio de imágenes inicializado exitosamente
[2025-07-22T00:47:00.071Z] INFO: Conexión a la base de datos establecida correctamente
[2025-07-22T00:47:00.101Z] INFO: Modelos sincronizados con la base de datos
[2025-07-22T00:47:00.104Z] INFO: Datos de ejemplo ya existen en la base de datos
[2025-07-22T00:47:00.106Z] INFO: Servidor corriendo en el puerto 3000
[2025-07-22T03:03:29.183Z] INFO: Configurando servicio de imágenes con ruta: C:/xampp/htdocs/tecnocel/almacen/img_productos
[2025-07-22T03:03:29.186Z] INFO: Directorio de imágenes configurado correctamente: C:/xampp/htdocs/tecnocel/almacen/img_productos
[2025-07-22T03:03:29.188Z] INFO: Configuración del servicio de imágenes validada correctamente
[2025-07-22T03:03:29.188Z] INFO: Servicio de imágenes inicializado exitosamente
[2025-07-22T03:03:29.227Z] INFO: Conexión a la base de datos establecida correctamente
[2025-07-22T03:03:29.300Z] INFO: Modelos sincronizados con la base de datos
[2025-07-22T03:03:29.304Z] INFO: Datos de ejemplo ya existen en la base de datos
[2025-07-22T03:03:29.306Z] INFO: Servidor corriendo en el puerto 3000
[2025-07-22T03:03:32.336Z] INFO: Configurando servicio de imágenes con ruta: C:/xampp/htdocs/tecnocel/almacen/img_productos
[2025-07-22T03:03:32.338Z] INFO: Directorio de imágenes configurado correctamente: C:/xampp/htdocs/tecnocel/almacen/img_productos
[2025-07-22T03:03:32.339Z] INFO: Configuración del servicio de imágenes validada correctamente
[2025-07-22T03:03:32.339Z] INFO: Servicio de imágenes inicializado exitosamente
[2025-07-22T03:03:32.365Z] INFO: Conexión a la base de datos establecida correctamente
[2025-07-22T03:03:32.394Z] INFO: Modelos sincronizados con la base de datos
[2025-07-22T03:03:32.397Z] INFO: Datos de ejemplo ya existen en la base de datos
[2025-07-22T03:03:32.399Z] INFO: Servidor corriendo en el puerto 3000
[2025-07-22T03:03:50.016Z] INFO: Se obtuvieron 6 productos destacados exitosamente
[2025-07-22T03:03:50.027Z] INFO: Se obtuvieron 6 productos destacados exitosamente
[2025-07-22T03:06:40.842Z] INFO: Se obtuvieron 6 productos destacados exitosamente
[2025-07-22T03:06:40.857Z] INFO: Se obtuvieron 6 productos destacados exitosamente
[2025-07-22T03:06:44.667Z] INFO: Se obtuvieron 6 productos destacados exitosamente
[2025-07-22T03:06:44.678Z] INFO: Se obtuvieron 6 productos destacados exitosamente
[2025-07-22T03:09:15.223Z] INFO: Se obtuvieron 6 productos destacados exitosamente
[2025-07-22T03:09:15.259Z] INFO: Se obtuvieron 6 productos destacados exitosamente
[2025-07-22T03:09:25.105Z] INFO: Se obtuvieron 278 productos del almacén exitosamente
[2025-07-22T03:09:25.127Z] INFO: Se obtuvieron 35 categorías exitosamente
[2025-07-22T03:09:25.152Z] INFO: Se obtuvieron 35 categorías exitosamente
[2025-07-22T03:09:25.265Z] INFO: Se obtuvieron 278 productos del almacén exitosamente
[2025-07-22T03:10:45.781Z] INFO: Se obtuvieron 278 productos del almacén exitosamente
[2025-07-22T03:10:45.788Z] INFO: Se obtuvieron 35 categorías exitosamente
[2025-07-22T03:10:45.824Z] INFO: Se obtuvieron 278 productos del almacén exitosamente
[2025-07-22T03:10:45.829Z] INFO: Se obtuvieron 35 categorías exitosamente
[2025-07-22T03:11:11.083Z] INFO: Se obtuvieron 6 productos destacados exitosamente
[2025-07-22T03:11:11.094Z] INFO: Se obtuvieron 6 productos destacados exitosamente
[2025-07-22T03:15:16.886Z] INFO: Intentando login de cliente
[2025-07-22T03:15:17.102Z] INFO: Login exitoso para: wili_2808@hotmail.com
[2025-07-22T03:15:17.232Z] INFO: Se obtuvieron 6 productos destacados exitosamente
[2025-07-22T03:15:17.244Z] INFO: Operación de carrito iniciada: obtener_carrito
[2025-07-22T03:15:17.283Z] INFO: Carrito obtenido exitosamente para cliente: 89
[2025-07-22T03:15:17.285Z] INFO: Operación de carrito completada: obtener_carrito
[2025-07-22T03:15:17.309Z] INFO: Se obtuvieron 6 productos destacados exitosamente
[2025-07-22T03:15:22.941Z] INFO: Se obtuvieron 6 productos destacados exitosamente
[2025-07-22T03:15:23.049Z] INFO: Se obtuvieron 6 productos destacados exitosamente
[2025-07-22T03:15:29.048Z] INFO: Se obtuvieron 278 productos del almacén exitosamente
[2025-07-22T03:15:29.078Z] INFO: Se obtuvieron 35 categorías exitosamente
[2025-07-22T03:15:29.167Z] INFO: Se obtuvieron 278 productos del almacén exitosamente
[2025-07-22T03:15:29.178Z] INFO: Se obtuvieron 35 categorías exitosamente
[2025-07-22T03:19:28.172Z] INFO: Se obtuvieron 6 productos destacados exitosamente
[2025-07-22T03:19:28.181Z] INFO: Se obtuvieron 6 productos destacados exitosamente
[2025-07-22T03:26:45.383Z] INFO: Se obtuvieron 35 categorías exitosamente
[2025-07-22T03:26:45.423Z] INFO: Se obtuvieron 278 productos del almacén exitosamente
[2025-07-22T03:26:45.477Z] INFO: Se obtuvieron 35 categorías exitosamente
[2025-07-22T03:26:45.519Z] INFO: Se obtuvieron 278 productos del almacén exitosamente
[2025-07-22T03:26:59.603Z] INFO: Se obtuvieron 6 productos destacados exitosamente
[2025-07-22T03:26:59.618Z] INFO: Se obtuvieron 6 productos destacados exitosamente
[2025-07-22T03:33:34.003Z] INFO: Se obtuvieron 6 productos destacados exitosamente
[2025-07-22T03:33:34.036Z] INFO: Se obtuvieron 6 productos destacados exitosamente
[2025-07-22T03:36:02.091Z] INFO: Se obtuvieron 6 productos destacados exitosamente
[2025-07-22T03:36:02.106Z] INFO: Se obtuvieron 6 productos destacados exitosamente
[2025-07-22T03:38:08.651Z] INFO: Se obtuvieron 6 productos destacados exitosamente
[2025-07-22T03:38:08.694Z] INFO: Se obtuvieron 6 productos destacados exitosamente
[2025-07-22T03:41:52.298Z] INFO: Intentando login de cliente
[2025-07-22T03:41:52.435Z] INFO: Login exitoso para: wili_2808@hotmail.com
[2025-07-22T03:41:52.547Z] INFO: Se obtuvieron 6 productos destacados exitosamente
[2025-07-22T03:41:52.556Z] INFO: Operación de carrito iniciada: obtener_carrito
[2025-07-22T03:41:52.579Z] INFO: Carrito obtenido exitosamente para cliente: 89
[2025-07-22T03:41:52.580Z] INFO: Operación de carrito completada: obtener_carrito
[2025-07-22T03:41:52.583Z] INFO: Se obtuvieron 6 productos destacados exitosamente
[2025-07-22T03:41:55.408Z] INFO: Operación de carrito iniciada: obtener_carrito
[2025-07-22T03:41:55.413Z] INFO: Carrito obtenido exitosamente para cliente: 89
[2025-07-22T03:41:55.414Z] INFO: Operación de carrito completada: obtener_carrito
[2025-07-22T03:41:55.421Z] INFO: Operación de carrito iniciada: obtener_carrito
[2025-07-22T03:41:55.424Z] INFO: Carrito obtenido exitosamente para cliente: 89
[2025-07-22T03:41:55.424Z] INFO: Operación de carrito completada: obtener_carrito
[2025-07-22T03:42:02.351Z] INFO: Se obtuvieron 6 productos destacados exitosamente
[2025-07-22T03:42:02.364Z] INFO: Se obtuvieron 6 productos destacados exitosamente
[2025-07-22T03:43:00.714Z] INFO: Se obtuvieron 278 productos del almacén exitosamente
[2025-07-22T03:43:00.722Z] INFO: Se obtuvieron 35 categorías exitosamente
[2025-07-22T03:43:00.829Z] INFO: Se obtuvieron 278 productos del almacén exitosamente
[2025-07-22T03:43:00.850Z] INFO: Se obtuvieron 35 categorías exitosamente
[2025-07-22T03:44:50.191Z] INFO: Llamada a verifyToken iniciada
[2025-07-22T03:44:50.196Z] INFO: Token verificado exitosamente para: wili_2808@hotmail.com
[2025-07-22T03:44:50.212Z] INFO: Llamada a verifyToken iniciada
[2025-07-22T03:44:50.218Z] INFO: Token verificado exitosamente para: wili_2808@hotmail.com
[2025-07-22T03:44:50.275Z] INFO: Operación de carrito iniciada: obtener_carrito
[2025-07-22T03:44:50.285Z] INFO: Carrito obtenido exitosamente para cliente: 89
[2025-07-22T03:44:50.286Z] INFO: Operación de carrito completada: obtener_carrito
[2025-07-22T03:44:50.690Z] INFO: Se obtuvieron 278 productos del almacén exitosamente
[2025-07-22T03:44:50.707Z] INFO: Se obtuvieron 35 categorías exitosamente
[2025-07-22T03:44:50.842Z] INFO: Se obtuvieron 278 productos del almacén exitosamente
[2025-07-22T03:44:50.855Z] INFO: Se obtuvieron 35 categorías exitosamente
[2025-07-22T03:44:54.998Z] INFO: Llamada a verifyToken iniciada
[2025-07-22T03:44:55.002Z] INFO: Token verificado exitosamente para: wili_2808@hotmail.com
[2025-07-22T03:44:55.043Z] INFO: Llamada a verifyToken iniciada
[2025-07-22T03:44:55.098Z] INFO: Token verificado exitosamente para: wili_2808@hotmail.com
[2025-07-22T03:44:55.115Z] INFO: Operación de carrito iniciada: obtener_carrito
[2025-07-22T03:44:55.144Z] INFO: Carrito obtenido exitosamente para cliente: 89
[2025-07-22T03:44:55.145Z] INFO: Operación de carrito completada: obtener_carrito
[2025-07-22T03:44:55.365Z] INFO: Se obtuvieron 278 productos del almacén exitosamente
[2025-07-22T03:44:55.373Z] INFO: Se obtuvieron 35 categorías exitosamente
[2025-07-22T03:44:55.404Z] INFO: Se obtuvieron 35 categorías exitosamente
[2025-07-22T03:44:55.451Z] INFO: Se obtuvieron 278 productos del almacén exitosamente
[2025-07-22T03:45:58.164Z] INFO: Llamada a verifyToken iniciada
[2025-07-22T03:45:58.176Z] INFO: Token verificado exitosamente para: wili_2808@hotmail.com
[2025-07-22T03:45:58.190Z] INFO: Llamada a verifyToken iniciada
[2025-07-22T03:45:58.193Z] INFO: Token verificado exitosamente para: wili_2808@hotmail.com
[2025-07-22T03:45:58.256Z] INFO: Operación de carrito iniciada: obtener_carrito
[2025-07-22T03:45:58.284Z] INFO: Carrito obtenido exitosamente para cliente: 89
[2025-07-22T03:45:58.284Z] INFO: Operación de carrito completada: obtener_carrito
[2025-07-22T03:45:58.586Z] INFO: Se obtuvieron 278 productos del almacén exitosamente
[2025-07-22T03:45:58.591Z] INFO: Se obtuvieron 35 categorías exitosamente
[2025-07-22T03:45:58.671Z] INFO: Se obtuvieron 278 productos del almacén exitosamente
[2025-07-22T03:45:58.683Z] INFO: Se obtuvieron 35 categorías exitosamente
[2025-07-22T03:49:36.860Z] INFO: Se obtuvieron 6 productos destacados exitosamente
[2025-07-22T03:49:36.868Z] INFO: Se obtuvieron 6 productos destacados exitosamente
[2025-07-22T03:58:10.486Z] INFO: Llamada a verifyToken iniciada
[2025-07-22T03:58:10.488Z] INFO: Token verificado exitosamente para: wili_2808@hotmail.com
[2025-07-22T03:58:10.499Z] INFO: Llamada a verifyToken iniciada
[2025-07-22T03:58:10.505Z] INFO: Token verificado exitosamente para: wili_2808@hotmail.com
[2025-07-22T03:58:10.517Z] INFO: Operación de carrito iniciada: obtener_carrito
[2025-07-22T03:58:10.519Z] INFO: Carrito obtenido exitosamente para cliente: 89
[2025-07-22T03:58:10.520Z] INFO: Operación de carrito completada: obtener_carrito
[2025-07-22T03:58:10.685Z] INFO: Se obtuvieron 6 productos destacados exitosamente
[2025-07-22T03:58:10.691Z] INFO: Se obtuvieron 6 productos destacados exitosamente
[2025-07-22T03:58:18.412Z] INFO: Se obtuvieron 6 productos destacados exitosamente
[2025-07-22T03:58:18.418Z] INFO: Se obtuvieron 6 productos destacados exitosamente
[2025-07-22T03:58:30.860Z] INFO: Se obtuvieron 278 productos del almacén exitosamente
[2025-07-22T03:58:30.864Z] INFO: Se obtuvieron 35 categorías exitosamente
[2025-07-22T03:58:30.888Z] INFO: Se obtuvieron 278 productos del almacén exitosamente
[2025-07-22T03:58:30.892Z] INFO: Se obtuvieron 35 categorías exitosamente
[2025-07-22T03:58:45.347Z] INFO: Se obtuvieron 6 productos destacados exitosamente
[2025-07-22T03:58:45.355Z] INFO: Se obtuvieron 6 productos destacados exitosamente
[2025-07-22T04:00:00.230Z] INFO: Se obtuvieron 6 productos destacados exitosamente
[2025-07-22T04:00:00.239Z] INFO: Se obtuvieron 6 productos destacados exitosamente
[2025-07-22T04:00:06.702Z] INFO: Se obtuvieron 6 productos destacados exitosamente
[2025-07-22T04:00:06.711Z] INFO: Se obtuvieron 6 productos destacados exitosamente
[2025-07-22T04:00:08.561Z] INFO: Se obtuvieron 278 productos del almacén exitosamente
[2025-07-22T04:00:08.564Z] INFO: Se obtuvieron 35 categorías exitosamente
[2025-07-22T04:00:08.587Z] INFO: Se obtuvieron 278 productos del almacén exitosamente
[2025-07-22T04:00:08.589Z] INFO: Se obtuvieron 35 categorías exitosamente
[2025-07-22T04:01:48.599Z] INFO: Se obtuvieron 6 productos destacados exitosamente
[2025-07-22T04:01:48.607Z] INFO: Se obtuvieron 6 productos destacados exitosamente
[2025-07-22T04:02:28.865Z] INFO: Se obtuvieron 6 productos destacados exitosamente
[2025-07-22T04:02:28.873Z] INFO: Se obtuvieron 6 productos destacados exitosamente
[2025-07-22T04:02:46.817Z] INFO: Se obtuvieron 278 productos del almacén exitosamente
[2025-07-22T04:02:46.819Z] INFO: Se obtuvieron 35 categorías exitosamente
[2025-07-22T04:02:46.840Z] INFO: Se obtuvieron 278 productos del almacén exitosamente
[2025-07-22T04:02:46.844Z] INFO: Se obtuvieron 35 categorías exitosamente
[2025-07-22T04:03:14.120Z] INFO: Intentando login de cliente
[2025-07-22T04:03:14.210Z] INFO: Login exitoso para: wili_2808@hotmail.com
[2025-07-22T04:03:14.260Z] INFO: Se obtuvieron 6 productos destacados exitosamente
[2025-07-22T04:03:14.263Z] INFO: Operación de carrito iniciada: obtener_carrito
[2025-07-22T04:03:14.272Z] INFO: Carrito obtenido exitosamente para cliente: 89
[2025-07-22T04:03:14.272Z] INFO: Operación de carrito completada: obtener_carrito
[2025-07-22T04:03:14.276Z] INFO: Se obtuvieron 6 productos destacados exitosamente
[2025-07-22T04:03:18.162Z] INFO: Operación de carrito iniciada: obtener_carrito
[2025-07-22T04:03:18.165Z] INFO: Carrito obtenido exitosamente para cliente: 89
[2025-07-22T04:03:18.165Z] INFO: Operación de carrito completada: obtener_carrito
[2025-07-22T04:03:18.172Z] INFO: Operación de carrito iniciada: obtener_carrito
[2025-07-22T04:03:18.174Z] INFO: Carrito obtenido exitosamente para cliente: 89
[2025-07-22T04:03:18.174Z] INFO: Operación de carrito completada: obtener_carrito
[2025-07-22T04:03:29.642Z] INFO: Se obtuvieron 278 productos del almacén exitosamente
[2025-07-22T04:03:29.671Z] INFO: Se obtuvieron 278 productos del almacén exitosamente
[2025-07-22T04:03:29.674Z] INFO: Se obtuvieron 35 categorías exitosamente
[2025-07-22T04:03:29.683Z] INFO: Se obtuvieron 35 categorías exitosamente
[2025-07-22T04:03:31.649Z] INFO: Operación de carrito iniciada: agregar_item
[2025-07-22T04:03:31.698Z] INFO: Item agregado exitosamente al carrito - Cliente: 89, Item ID: 48
[2025-07-22T04:03:31.699Z] INFO: Operación de carrito completada: agregar_item
[2025-07-22T04:03:32.847Z] INFO: Operación de carrito iniciada: agregar_item
[2025-07-22T04:03:32.868Z] INFO: Item agregado exitosamente al carrito - Cliente: 89, Item ID: 49
[2025-07-22T04:03:32.869Z] INFO: Operación de carrito completada: agregar_item
[2025-07-22T04:03:40.629Z] INFO: Operación de carrito iniciada: obtener_carrito
[2025-07-22T04:03:40.632Z] INFO: Carrito obtenido exitosamente para cliente: 89
[2025-07-22T04:03:40.633Z] INFO: Operación de carrito completada: obtener_carrito
[2025-07-22T04:03:40.642Z] INFO: Operación de carrito iniciada: obtener_carrito
[2025-07-22T04:03:40.646Z] INFO: Carrito obtenido exitosamente para cliente: 89
[2025-07-22T04:03:40.646Z] INFO: Operación de carrito completada: obtener_carrito
[2025-07-22T04:03:45.649Z] INFO: Operación de carrito iniciada: actualizar_cantidad
[2025-07-22T04:03:45.665Z] INFO: Cantidad actualizada exitosamente - Item: 48, Nueva cantidad: 2
[2025-07-22T04:03:45.665Z] INFO: Operación de carrito completada: actualizar_cantidad
[2025-07-22T04:03:46.362Z] INFO: Operación de carrito iniciada: actualizar_cantidad
[2025-07-22T04:03:46.380Z] INFO: Cantidad actualizada exitosamente - Item: 48, Nueva cantidad: 3
[2025-07-22T04:03:46.380Z] INFO: Operación de carrito completada: actualizar_cantidad
[2025-07-22T04:03:49.006Z] INFO: Operación de carrito iniciada: eliminar_item
[2025-07-22T04:03:49.028Z] INFO: Item eliminado exitosamente - Item: 48
[2025-07-22T04:03:49.028Z] INFO: Operación de carrito completada: eliminar_item
[2025-07-22T04:03:57.711Z] INFO: Se obtuvieron 6 productos destacados exitosamente
[2025-07-22T04:03:57.724Z] INFO: Se obtuvieron 6 productos destacados exitosamente
[2025-07-22T04:04:13.141Z] INFO: Se obtuvieron 6 productos destacados exitosamente
[2025-07-22T04:04:13.150Z] INFO: Se obtuvieron 6 productos destacados exitosamente
[2025-07-22T04:04:22.221Z] INFO: Se obtuvieron 278 productos del almacén exitosamente
[2025-07-22T04:04:22.235Z] INFO: Se obtuvieron 35 categorías exitosamente
[2025-07-22T04:04:22.254Z] INFO: Se obtuvieron 278 productos del almacén exitosamente
[2025-07-22T04:04:22.267Z] INFO: Se obtuvieron 35 categorías exitosamente
[2025-07-22T04:06:05.598Z] INFO: Se obtuvieron 6 productos destacados exitosamente
[2025-07-22T04:06:05.606Z] INFO: Se obtuvieron 6 productos destacados exitosamente
[2025-07-22T04:06:36.649Z] INFO: Se obtuvieron 6 productos destacados exitosamente
[2025-07-22T04:06:36.655Z] INFO: Se obtuvieron 6 productos destacados exitosamente
[2025-07-22T04:06:46.670Z] INFO: Se obtuvieron 278 productos del almacén exitosamente
[2025-07-22T04:06:46.672Z] INFO: Se obtuvieron 35 categorías exitosamente
[2025-07-22T04:06:46.715Z] INFO: Se obtuvieron 278 productos del almacén exitosamente
[2025-07-22T04:06:46.721Z] INFO: Se obtuvieron 35 categorías exitosamente
[2025-07-22T04:06:52.703Z] INFO: Se obtuvieron 278 productos del almacén exitosamente
[2025-07-22T04:06:52.707Z] INFO: Se obtuvieron 35 categorías exitosamente
[2025-07-22T04:06:52.724Z] INFO: Se obtuvieron 278 productos del almacén exitosamente
[2025-07-22T04:06:52.730Z] INFO: Se obtuvieron 35 categorías exitosamente
[2025-07-22T04:08:30.293Z] INFO: Se obtuvieron 278 productos del almacén exitosamente
[2025-07-22T04:08:30.295Z] INFO: Se obtuvieron 35 categorías exitosamente
[2025-07-22T04:08:30.319Z] INFO: Se obtuvieron 278 productos del almacén exitosamente
[2025-07-22T04:08:30.322Z] INFO: Se obtuvieron 35 categorías exitosamente
[2025-07-22T04:08:54.434Z] INFO: Intentando login de cliente
[2025-07-22T04:08:54.514Z] INFO: Login exitoso para: wili_2808@hotmail.com
[2025-07-22T04:08:54.558Z] INFO: Se obtuvieron 6 productos destacados exitosamente
[2025-07-22T04:08:54.562Z] INFO: Operación de carrito iniciada: obtener_carrito
[2025-07-22T04:08:54.572Z] INFO: Carrito obtenido exitosamente para cliente: 89
[2025-07-22T04:08:54.572Z] INFO: Operación de carrito completada: obtener_carrito
[2025-07-22T04:08:54.575Z] INFO: Se obtuvieron 6 productos destacados exitosamente
[2025-07-22T04:10:18.439Z] INFO: Se obtuvieron 6 productos destacados exitosamente
[2025-07-22T04:10:18.445Z] INFO: Se obtuvieron 6 productos destacados exitosamente
[2025-07-22T04:10:23.386Z] INFO: Intentando login de cliente
[2025-07-22T04:10:23.453Z] WARN: Login fallido: contraseña incorrecta (wili_2808@hotmail.com)
[2025-07-22T04:10:33.662Z] INFO: Intentando login de cliente
[2025-07-22T04:10:33.732Z] WARN: Login fallido: contraseña incorrecta (wili_2808@hotmail.com)
[2025-07-22T04:10:54.706Z] INFO: Intentando login de cliente
[2025-07-22T04:10:54.777Z] WARN: Login fallido: contraseña incorrecta (wili_2808@hotmail.com)
[2025-07-22T04:11:00.720Z] INFO: Intentando login de cliente
[2025-07-22T04:11:00.722Z] WARN: Login fallido: cliente no encontrado (wili_2808@hotmail.c)
[2025-07-22T04:11:23.701Z] INFO: Intentando login de cliente
[2025-07-22T04:11:23.707Z] WARN: Login fallido: cliente no encontrado (wili_2808@hotmail.c)
[2025-07-22T04:12:10.012Z] INFO: Se obtuvieron 6 productos destacados exitosamente
[2025-07-22T04:12:10.020Z] INFO: Se obtuvieron 6 productos destacados exitosamente
[2025-07-22T04:12:40.456Z] INFO: Se obtuvieron 6 productos destacados exitosamente
[2025-07-22T04:12:40.463Z] INFO: Se obtuvieron 6 productos destacados exitosamente
[2025-07-22T04:17:17.116Z] INFO: Se obtuvieron 6 productos destacados exitosamente
[2025-07-22T04:17:17.121Z] INFO: Se obtuvieron 6 productos destacados exitosamente
[2025-07-22T04:34:08.247Z] INFO: Intentando login de cliente
[2025-07-22T04:34:08.351Z] WARN: Login fallido: contraseña incorrecta (wili_2808@hotmail.com)
[2025-07-22T04:34:08.676Z] INFO: Intentando login de cliente
[2025-07-22T04:34:08.780Z] WARN: Login fallido: contraseña incorrecta (wili_2808@hotmail.com)
[2025-07-22T04:34:10.601Z] INFO: Intentando login de cliente
[2025-07-22T04:34:10.734Z] WARN: Login fallido: contraseña incorrecta (wili_2808@hotmail.com)
[2025-07-22T04:34:10.905Z] INFO: Intentando login de cliente
[2025-07-22T04:34:11.008Z] WARN: Login fallido: contraseña incorrecta (wili_2808@hotmail.com)
[2025-07-22T04:34:11.043Z] INFO: Intentando login de cliente
[2025-07-22T04:34:11.146Z] WARN: Login fallido: contraseña incorrecta (wili_2808@hotmail.com)
[2025-07-22T04:34:11.188Z] INFO: Intentando login de cliente
[2025-07-22T04:34:11.281Z] WARN: Login fallido: contraseña incorrecta (wili_2808@hotmail.com)
[2025-07-22T04:34:11.422Z] INFO: Intentando login de cliente
[2025-07-22T04:34:11.512Z] WARN: Login fallido: contraseña incorrecta (wili_2808@hotmail.com)
[2025-07-22T04:40:04.689Z] INFO: Se obtuvieron 6 productos destacados exitosamente
[2025-07-22T04:40:04.699Z] INFO: Se obtuvieron 6 productos destacados exitosamente
[2025-07-22T04:40:17.731Z] INFO: Intentando login de cliente
[2025-07-22T04:40:17.823Z] WARN: Login fallido: contraseña incorrecta (wili_2808@hotmail.com)
[2025-07-22T04:40:22.392Z] INFO: Se obtuvieron 6 productos destacados exitosamente
[2025-07-22T04:40:22.399Z] INFO: Se obtuvieron 6 productos destacados exitosamente
[2025-07-22T05:15:17.147Z] INFO: Se obtuvieron 278 productos del almacén exitosamente
[2025-07-22T05:15:17.155Z] INFO: Se obtuvieron 35 categorías exitosamente
[2025-07-22T05:15:17.209Z] INFO: Se obtuvieron 278 productos del almacén exitosamente
[2025-07-22T05:15:17.230Z] INFO: Se obtuvieron 35 categorías exitosamente
[2025-07-22T07:10:36.782Z] INFO: Configurando servicio de imágenes con ruta: C:/xampp/htdocs/tecnocel/almacen/img_productos
[2025-07-22T07:10:36.786Z] INFO: Directorio de imágenes configurado correctamente: C:/xampp/htdocs/tecnocel/almacen/img_productos
[2025-07-22T07:10:36.789Z] INFO: Configuración del servicio de imágenes validada correctamente
[2025-07-22T07:10:36.789Z] INFO: Servicio de imágenes inicializado exitosamente
[2025-07-22T07:10:36.888Z] INFO: Conexión a la base de datos establecida correctamente
[2025-07-22T07:10:37.007Z] INFO: Modelos sincronizados con la base de datos
[2025-07-22T07:10:37.014Z] INFO: Datos de ejemplo ya existen en la base de datos
[2025-07-22T07:10:37.018Z] INFO: Servidor corriendo en el puerto 3000
[2025-07-22T07:10:41.521Z] INFO: Configurando servicio de imágenes con ruta: C:/xampp/htdocs/tecnocel/almacen/img_productos
[2025-07-22T07:10:41.524Z] INFO: Directorio de imágenes configurado correctamente: C:/xampp/htdocs/tecnocel/almacen/img_productos
[2025-07-22T07:10:41.525Z] INFO: Configuración del servicio de imágenes validada correctamente
[2025-07-22T07:10:41.525Z] INFO: Servicio de imágenes inicializado exitosamente
[2025-07-22T07:10:41.589Z] INFO: Conexión a la base de datos establecida correctamente
[2025-07-22T07:10:41.662Z] INFO: Modelos sincronizados con la base de datos
[2025-07-22T07:10:41.669Z] INFO: Datos de ejemplo ya existen en la base de datos
[2025-07-22T07:10:41.674Z] INFO: Servidor corriendo en el puerto 3000
[2025-07-22T07:10:47.642Z] INFO: Se obtuvieron 278 productos del almacén exitosamente
[2025-07-22T07:10:47.660Z] INFO: Se obtuvieron 35 categorías exitosamente
[2025-07-22T07:10:47.673Z] INFO: Se obtuvieron 6 productos destacados exitosamente
[2025-07-22T07:10:47.722Z] INFO: Se obtuvieron 278 productos del almacén exitosamente
[2025-07-22T07:10:47.742Z] INFO: Se obtuvieron 35 categorías exitosamente
[2025-07-22T07:10:47.780Z] INFO: Se obtuvieron 6 productos destacados exitosamente
[2025-07-22T07:10:51.812Z] INFO: Se obtuvieron 278 productos del almacén exitosamente
[2025-07-22T07:10:51.841Z] INFO: Se obtuvieron 35 categorías exitosamente
[2025-07-22T07:10:51.913Z] INFO: Se obtuvieron 278 productos del almacén exitosamente
[2025-07-22T07:10:51.927Z] INFO: Se obtuvieron 35 categorías exitosamente
[2025-07-22T07:11:45.608Z] INFO: Se obtuvieron 6 productos destacados exitosamente
[2025-07-22T07:11:45.621Z] INFO: Se obtuvieron 6 productos destacados exitosamente
[2025-07-22T07:12:07.367Z] INFO: Se obtuvieron 278 productos del almacén exitosamente
[2025-07-22T07:12:07.389Z] INFO: Se obtuvieron 35 categorías exitosamente
[2025-07-22T07:12:07.518Z] INFO: Se obtuvieron 278 productos del almacén exitosamente
[2025-07-22T07:12:07.533Z] INFO: Se obtuvieron 35 categorías exitosamente
[2025-07-22T07:12:32.777Z] INFO: Se obtuvieron 6 productos destacados exitosamente
[2025-07-22T07:12:32.789Z] INFO: Se obtuvieron 6 productos destacados exitosamente
[2025-07-22T07:13:21.945Z] INFO: Se obtuvieron 6 productos destacados exitosamente
[2025-07-22T07:13:21.958Z] INFO: Se obtuvieron 6 productos destacados exitosamente
[2025-07-22T07:14:14.734Z] INFO: Se obtuvieron 6 productos destacados exitosamente
[2025-07-22T07:14:14.748Z] INFO: Se obtuvieron 6 productos destacados exitosamente
[2025-07-22T07:14:18.691Z] INFO: Se obtuvieron 6 productos destacados exitosamente
[2025-07-22T07:14:18.705Z] INFO: Se obtuvieron 6 productos destacados exitosamente
[2025-07-22T07:14:22.407Z] INFO: Se obtuvieron 6 productos destacados exitosamente
[2025-07-22T07:14:22.418Z] INFO: Se obtuvieron 6 productos destacados exitosamente
[2025-07-22T07:14:25.911Z] INFO: Se obtuvieron 278 productos del almacén exitosamente
[2025-07-22T07:14:25.927Z] INFO: Se obtuvieron 35 categorías exitosamente
[2025-07-22T07:14:25.976Z] INFO: Se obtuvieron 278 productos del almacén exitosamente
[2025-07-22T07:14:26.011Z] INFO: Se obtuvieron 35 categorías exitosamente
[2025-07-22T07:14:33.904Z] INFO: Se obtuvieron 278 productos del almacén exitosamente
[2025-07-22T07:14:33.925Z] INFO: Se obtuvieron 35 categorías exitosamente
[2025-07-22T07:14:33.971Z] INFO: Se obtuvieron 278 productos del almacén exitosamente
[2025-07-22T07:14:33.990Z] INFO: Se obtuvieron 35 categorías exitosamente
[2025-07-22T07:24:41.857Z] INFO: Se obtuvieron 6 productos destacados exitosamente
[2025-07-22T07:24:41.873Z] INFO: Se obtuvieron 6 productos destacados exitosamente
[2025-07-22T07:24:45.365Z] INFO: Se obtuvieron 278 productos del almacén exitosamente
[2025-07-22T07:24:45.380Z] INFO: Se obtuvieron 35 categorías exitosamente
[2025-07-22T07:24:45.448Z] INFO: Se obtuvieron 278 productos del almacén exitosamente
[2025-07-22T07:24:45.459Z] INFO: Se obtuvieron 35 categorías exitosamente
[2025-07-22T07:24:56.401Z] INFO: Se obtuvieron 6 productos destacados exitosamente
[2025-07-22T07:24:56.412Z] INFO: Se obtuvieron 6 productos destacados exitosamente
[2025-07-22T07:25:14.511Z] INFO: Intentando login de cliente
[2025-07-22T07:25:14.822Z] INFO: Login exitoso para: wili_2808@hotmail.com
[2025-07-22T07:25:14.912Z] INFO: Se obtuvieron 6 productos destacados exitosamente
[2025-07-22T07:25:14.957Z] INFO: Operación de carrito iniciada: obtener_carrito
[2025-07-22T07:25:14.986Z] INFO: Se obtuvieron 6 productos destacados exitosamente
[2025-07-22T07:25:15.020Z] INFO: Carrito obtenido exitosamente para cliente: 89
[2025-07-22T07:25:15.021Z] INFO: Operación de carrito completada: obtener_carrito
[2025-07-22T07:25:17.732Z] INFO: Operación de carrito iniciada: obtener_carrito
[2025-07-22T07:25:17.739Z] INFO: Carrito obtenido exitosamente para cliente: 89
[2025-07-22T07:25:17.740Z] INFO: Operación de carrito completada: obtener_carrito
[2025-07-22T07:25:17.754Z] INFO: Operación de carrito iniciada: obtener_carrito
[2025-07-22T07:25:17.766Z] INFO: Carrito obtenido exitosamente para cliente: 89
[2025-07-22T07:25:17.768Z] INFO: Operación de carrito completada: obtener_carrito
[2025-07-22T07:25:31.035Z] INFO: Operación de carrito iniciada: vaciar_carrito
[2025-07-22T07:25:31.075Z] INFO: Carrito vaciado exitosamente - Cliente: 89
[2025-07-22T07:25:31.076Z] INFO: Operación de carrito completada: vaciar_carrito
[2025-07-22T23:53:06.031Z] INFO: Configurando servicio de imágenes con ruta: C:/xampp/htdocs/tecnocel/almacen/img_productos
[2025-07-22T23:53:06.035Z] INFO: Directorio de imágenes configurado correctamente: C:/xampp/htdocs/tecnocel/almacen/img_productos
[2025-07-22T23:53:06.037Z] INFO: Configuración del servicio de imágenes validada correctamente
[2025-07-22T23:53:06.037Z] INFO: Servicio de imágenes inicializado exitosamente
[2025-07-22T23:53:06.092Z] INFO: Conexión a la base de datos establecida correctamente
[2025-07-22T23:53:06.144Z] INFO: Modelos sincronizados con la base de datos
[2025-07-22T23:53:06.152Z] INFO: Datos de ejemplo ya existen en la base de datos
[2025-07-22T23:53:06.155Z] INFO: Servidor corriendo en el puerto 3000
[2025-07-22T23:53:07.837Z] INFO: Se obtuvieron 278 productos del almacén exitosamente
